user_id,session_id,messagenum,task_code,timestamp,module_num,solved
1,t000001,1,observations,1579629776.000000,6,0
1,t000001,2,debugging,1579629866.000000,6,0
1,t000001,3,confirmation,1579629956.000000,6,0
1,t000001,4,request_direction,1579630046.000000,6,0
1,t000001,5,course_platform,1579630136.000000,6,0
1,t000001,6,request_direction,1579630226.000000,6,0
1,t000001,7,concept_guidance_non_procedural,1579630316.000000,6,0
1,t000001,8,request_direction,1579630406.000000,6,0
1,t000001,9,course_platform,1579630496.000000,6,0
1,t000001,10,social_turn,1579630586.000000,6,0
1,t000001,11,confusion,1579630676.000000,6,0
1,t000001,12,social_turn,1579630766.000000,6,0
1,t000001,13,code_generation,1579630856.000000,6,0
1,t000001,14,challenge_understanding,1579630946.000000,6,0
1,t000001,15,challenge_understanding,1579631036.000000,6,0
1,t000001,16,social_turn,1579631126.000000,6,0
1,t000001,17,direct_solution,1579631216.000000,6,0
1,t000001,18,request_direction,1579631306.000000,6,0
1,t000001,19,confirmation,1579631396.000000,6,0
1,t000002,1,direct_solution,1584940902.000000,7,1
1,t000002,2,debugging,1584940992.000000,7,1
1,t000002,3,confusion,1584941082.000000,7,1
1,t000002,4,non_sequitur,1584941172.000000,7,1
1,t000002,5,confirmation,1584941262.000000,7,1
1,t000002,6,non_sequitur,1584941352.000000,7,1
1,t000002,7,help_request,1584941442.000000,7,1
1,t000002,8,help_request,1584941532.000000,7,1
1,t000002,9,vague_request,1584941622.000000,7,1
1,t000002,10,observations,1584941712.000000,7,1
1,t000002,11,observations,1584941802.000000,7,1
1,t000002,12,direct_solution,1584941892.000000,7,1
1,t000003,1,direct_solution,1578056710.000000,7,0
1,t000003,2,observations,1578056800.000000,7,0
1,t000003,3,direct_solution,1578056890.000000,7,0
1,t000003,4,vague_request,1578056980.000000,7,0
1,t000003,5,confirmation,1578057070.000000,7,0
1,t000003,6,course_platform,1578057160.000000,7,0
1,t000003,7,pasted_context_dump,1578057250.000000,7,0
1,t000003,8,confirmation,1578057340.000000,7,0
1,t000003,9,confirmation,1578057430.000000,7,0
1,t000003,10,concept_guidance_non_procedural,1578057520.000000,7,0
1,t000003,11,debugging,1578057610.000000,7,0
1,t000004,1,debugging,1578734148.000000,2,1
1,t000004,2,non_sequitur,1578734238.000000,2,1
1,t000004,3,non_sequitur,1578734328.000000,2,1
1,t000004,4,request_direction,1578734418.000000,2,1
1,t000004,5,observations,1578734508.000000,2,1
1,t000004,6,confusion,1578734598.000000,2,1
1,t000004,7,course_platform,1578734688.000000,2,1
1,t000004,8,help_request,1578734778.000000,2,1
1,t000004,9,challenge_understanding,1578734868.000000,2,1
1,t000004,10,help_request,1578734958.000000,2,1
1,t000004,11,observations,1578735048.000000,2,1
1,t000004,12,direct_solution,1578735138.000000,2,1
1,t000004,13,vague_request,1578735228.000000,2,1
1,t000005,1,observations,1578153518.000000,7,0
1,t000005,2,debugging,1578153608.000000,7,0
1,t000005,3,concept_guidance_non_procedural,1578153698.000000,7,0
1,t000005,4,confusion,1578153788.000000,7,0
1,t000005,5,direct_solution,1578153878.000000,7,0
1,t000005,6,help_request,1578153968.000000,7,0
1,t000005,7,confirmation,1578154058.000000,7,0
1,t000005,8,debugging,1578154148.000000,7,0
1,t000005,9,direct_solution,1578154238.000000,7,0
1,t000005,10,help_request,1578154328.000000,7,0
1,t000005,11,course_platform,1578154418.000000,7,0
1,t000005,12,concept_guidance_non_procedural,1578154508.000000,7,0
1,t000005,13,concept_guidance_non_procedural,1578154598.000000,7,0
1,t000005,14,help_request,1578154688.000000,7,0
1,t000005,15,code_generation,1578154778.000000,7,0
1,t000005,16,course_platform,1578154868.000000,7,0
1,t000005,17,request_direction,1578154958.000000,7,0
1,t000005,18,concept_guidance_procedural,1578155048.000000,7,0
1,t000005,19,pasted_context_dump,1578155138.000000,7,0
1,t000005,20,code_generation,1578155228.000000,7,0
1,t000005,21,pasted_context_dump,1578155318.000000,7,0
1,t000005,22,confirmation,1578155408.000000,7,0
1,t000006,1,code_generation,1581661693.000000,6,1
1,t000006,2,confusion,1581661783.000000,6,1
1,t000006,3,code_generation,1581661873.000000,6,1
1,t000006,4,debugging,1581661963.000000,6,1
1,t000006,5,observations,1581662053.000000,6,1
1,t000006,6,confusion,1581662143.000000,6,1
1,t000006,7,course_platform,1581662233.000000,6,1
1,t000006,8,challenge_understanding,1581662323.000000,6,1
1,t000006,9,social_turn,1581662413.000000,6,1
1,t000006,10,help_request,1581662503.000000,6,1
1,t000006,11,confirmation,1581662593.000000,6,1
1,t000006,12,confusion,1581662683.000000,6,1
1,t000006,13,request_direction,1581662773.000000,6,1
1,t000006,14,direct_solution,1581662863.000000,6,1
1,t000006,15,non_sequitur,1581662953.000000,6,1
1,t000006,16,concept_guidance_procedural,1581663043.000000,6,1
1,t000006,17,vague_request,1581663133.000000,6,1
1,t000006,18,confusion,1581663223.000000,6,1
1,t000007,1,confusion,1581787465.000000,5,0
1,t000007,2,confirmation,1581787555.000000,5,0
1,t000007,3,observations,1581787645.000000,5,0
1,t000007,4,non_sequitur,1581787735.000000,5,0
1,t000007,5,observations,1581787825.000000,5,0
1,t000007,6,challenge_understanding,1581787915.000000,5,0
1,t000007,7,direct_solution,1581788005.000000,5,0
1,t000007,8,concept_guidance_non_procedural,1581788095.000000,5,0
1,t000007,9,help_request,1581788185.000000,5,0
1,t000007,10,request_direction,1581788275.000000,5,0
1,t000007,11,concept_guidance_non_procedural,1581788365.000000,5,0
1,t000007,12,concept_guidance_procedural,1581788455.000000,5,0
1,t000007,13,course_platform,1581788545.000000,5,0
1,t000007,14,concept_guidance_non_procedural,1581788635.000000,5,0
1,t000008,1,non_sequitur,1581419338.000000,2,1
1,t000008,2,concept_guidance_non_procedural,1581419428.000000,2,1
1,t000008,3,non_sequitur,1581419518.000000,2,1
1,t000008,4,course_platform,1581419608.000000,2,1
1,t000008,5,social_turn,1581419698.000000,2,1
1,t000008,6,concept_guidance_procedural,1581419788.000000,2,1
1,t000008,7,social_turn,1581419878.000000,2,1
1,t000008,8,pasted_context_dump,1581419968.000000,2,1
1,t000008,9,non_sequitur,1581420058.000000,2,1
1,t000008,10,confusion,1581420148.000000,2,1
1,t000008,11,pasted_context_dump,1581420238.000000,2,1
1,t000008,12,debugging,1581420328.000000,2,1
1,t000008,13,concept_guidance_non_procedural,1581420418.000000,2,1
1,t000009,1,vague_request,1578187835.000000,3,1
1,t000009,2,challenge_understanding,1578187925.000000,3,1
1,t000009,3,confusion,1578188015.000000,3,1
1,t000009,4,code_generation,1578188105.000000,3,1
1,t000009,5,direct_solution,1578188195.000000,3,1
1,t000009,6,confirmation,1578188285.000000,3,1
1,t000009,7,course_platform,1578188375.000000,3,1
1,t000009,8,code_generation,1578188465.000000,3,1
1,t000009,9,challenge_understanding,1578188555.000000,3,1
1,t000010,1,help_request,1581999497.000000,8,1
1,t000010,2,non_sequitur,1581999587.000000,8,1
1,t000010,3,course_platform,1581999677.000000,8,1
1,t000010,4,confirmation,1581999767.000000,8,1
1,t000010,5,confusion,1581999857.000000,8,1
1,t000010,6,confirmation,1581999947.000000,8,1
1,t000010,7,challenge_understanding,1582000037.000000,8,1
1,t000010,8,concept_guidance_procedural,1582000127.000000,8,1
1,t000010,9,debugging,1582000217.000000,8,1
1,t000010,10,confusion,1582000307.000000,8,1
1,t000010,11,concept_guidance_procedural,1582000397.000000,8,1
1,t000010,12,vague_request,1582000487.000000,8,1
1,t000010,13,concept_guidance_non_procedural,1582000577.000000,8,1
1,t000010,14,debugging,1582000667.000000,8,1
1,t000010,15,debugging,1582000757.000000,8,1
1,t000010,16,confusion,1582000847.000000,8,1
1,t000010,17,request_direction,1582000937.000000,8,1
1,t000010,18,concept_guidance_non_procedural,1582001027.000000,8,1
1,t000010,19,pasted_context_dump,1582001117.000000,8,1
1,t000010,20,pasted_context_dump,1582001207.000000,8,1
1,t000010,21,course_platform,1582001297.000000,8,1
2,t000011,1,confirmation,1579456576.000000,2,0
2,t000011,2,non_sequitur,1579456666.000000,2,0
2,t000011,3,challenge_understanding,1579456756.000000,2,0
2,t000011,4,confusion,1579456846.000000,2,0
2,t000011,5,observations,1579456936.000000,2,0
2,t000011,6,course_platform,1579457026.000000,2,0
2,t000011,7,direct_solution,1579457116.000000,2,0
2,t000011,8,pasted_context_dump,1579457206.000000,2,0
2,t000011,9,confusion,1579457296.000000,2,0
2,t000011,10,request_direction,1579457386.000000,2,0
2,t000011,11,request_direction,1579457476.000000,2,0
2,t000011,12,pasted_context_dump,1579457566.000000,2,0
2,t000011,13,concept_guidance_procedural,1579457656.000000,2,0
2,t000011,14,challenge_understanding,1579457746.000000,2,0
2,t000011,15,direct_solution,1579457836.000000,2,0
2,t000011,16,help_request,1579457926.000000,2,0
2,t000011,17,concept_guidance_procedural,1579458016.000000,2,0
2,t000011,18,confirmation,1579458106.000000,2,0
2,t000011,19,vague_request,1579458196.000000,2,0
2,t000012,1,request_direction,1584091749.000000,7,0
2,t000012,2,help_request,1584091839.000000,7,0
2,t000012,3,non_sequitur,1584091929.000000,7,0
2,t000012,4,confirmation,1584092019.000000,7,0
2,t000013,1,concept_guidance_procedural,1584803468.000000,4,0
2,t000013,2,challenge_understanding,1584803558.000000,4,0
2,t000014,1,pasted_context_dump,1578452404.000000,5,0
2,t000014,2,course_platform,1578452494.000000,5,0
2,t000014,3,concept_guidance_procedural,1578452584.000000,5,0
2,t000014,4,concept_guidance_non_procedural,1578452674.000000,5,0
2,t000014,5,code_generation,1578452764.000000,5,0
2,t000015,1,help_request,1582707578.000000,6,0
2,t000015,2,course_platform,1582707668.000000,6,0
2,t000015,3,vague_request,1582707758.000000,6,0
2,t000015,4,direct_solution,1582707848.000000,6,0
2,t000015,5,course_platform,1582707938.000000,6,0
2,t000015,6,concept_guidance_procedural,1582708028.000000,6,0
2,t000015,7,challenge_understanding,1582708118.000000,6,0
2,t000015,8,debugging,1582708208.000000,6,0
2,t000015,9,confirmation,1582708298.000000,6,0
2,t000015,10,observations,1582708388.000000,6,0
2,t000015,11,concept_guidance_non_procedural,1582708478.000000,6,0
2,t000015,12,concept_guidance_procedural,1582708568.000000,6,0
2,t000015,13,social_turn,1582708658.000000,6,0
2,t000015,14,challenge_understanding,1582708748.000000,6,0
2,t000015,15,vague_request,1582708838.000000,6,0
2,t000015,16,challenge_understanding,1582708928.000000,6,0
2,t000016,1,direct_solution,1580729278.000000,6,1
2,t000016,2,non_sequitur,1580729368.000000,6,1
2,t000016,3,direct_solution,1580729458.000000,6,1
2,t000016,4,confirmation,1580729548.000000,6,1
2,t000016,5,confusion,1580729638.000000,6,1
2,t000016,6,pasted_context_dump,1580729728.000000,6,1
2,t000016,7,code_generation,1580729818.000000,6,1
2,t000016,8,concept_guidance_non_procedural,1580729908.000000,6,1
2,t000016,9,social_turn,1580729998.000000,6,1
2,t000016,10,confusion,1580730088.000000,6,1
2,t000016,11,direct_solution,1580730178.000000,6,1
2,t000016,12,help_request,1580730268.000000,6,1
2,t000016,13,confusion,1580730358.000000,6,1
2,t000016,14,confusion,1580730448.000000,6,1
2,t000016,15,concept_guidance_procedural,1580730538.000000,6,1
2,t000016,16,help_request,1580730628.000000,6,1
2,t000016,17,concept_guidance_non_procedural,1580730718.000000,6,1
2,t000016,18,help_request,1580730808.000000,6,1
2,t000016,19,confusion,1580730898.000000,6,1
2,t000016,20,direct_solution,1580730988.000000,6,1
2,t000016,21,debugging,1580731078.000000,6,1
2,t000017,1,vague_request,1580968870.000000,4,0
2,t000017,2,social_turn,1580968960.000000,4,0
2,t000017,3,challenge_understanding,1580969050.000000,4,0
2,t000017,4,debugging,1580969140.000000,4,0
2,t000017,5,help_request,1580969230.000000,4,0
2,t000017,6,course_platform,1580969320.000000,4,0
2,t000017,7,non_sequitur,1580969410.000000,4,0
2,t000017,8,concept_guidance_procedural,1580969500.000000,4,0
2,t000017,9,direct_solution,1580969590.000000,4,0
2,t000017,10,non_sequitur,1580969680.000000,4,0
2,t000017,11,challenge_understanding,1580969770.000000,4,0
2,t000017,12,challenge_understanding,1580969860.000000,4,0
2,t000017,13,code_generation,1580969950.000000,4,0
2,t000017,14,concept_guidance_procedural,1580970040.000000,4,0
2,t000017,15,observations,1580970130.000000,4,0
2,t000017,16,help_request,1580970220.000000,4,0
2,t000017,17,observations,1580970310.000000,4,0
2,t000017,18,social_turn,1580970400.000000,4,0
2,t000017,19,vague_request,1580970490.000000,4,0
2,t000017,20,non_sequitur,1580970580.000000,4,0
3,t000018,1,observations,1583773927.000000,5,0
3,t000018,2,direct_solution,1583774017.000000,5,0
3,t000018,3,help_request,1583774107.000000,5,0
3,t000018,4,confirmation,1583774197.000000,5,0
3,t000018,5,debugging,1583774287.000000,5,0
3,t000018,6,confirmation,1583774377.000000,5,0
3,t000018,7,concept_guidance_non_procedural,1583774467.000000,5,0
3,t000018,8,concept_guidance_procedural,1583774557.000000,5,0
3,t000018,9,concept_guidance_procedural,1583774647.000000,5,0
3,t000018,10,observations,1583774737.000000,5,0
3,t000018,11,challenge_understanding,1583774827.000000,5,0
3,t000018,12,non_sequitur,1583774917.000000,5,0
3,t000018,13,vague_request,1583775007.000000,5,0
3,t000018,14,observations,1583775097.000000,5,0
3,t000018,15,social_turn,1583775187.000000,5,0
3,t000018,16,direct_solution,1583775277.000000,5,0
3,t000018,17,debugging,1583775367.000000,5,0
3,t000018,18,code_generation,1583775457.000000,5,0
3,t000018,19,request_direction,1583775547.000000,5,0
3,t000018,20,vague_request,1583775637.000000,5,0
3,t000018,21,help_request,1583775727.000000,5,0
3,t000018,22,code_generation,1583775817.000000,5,0
3,t000019,1,concept_guidance_procedural,1584464085.000000,3,0
3,t000019,2,non_sequitur,1584464175.000000,3,0
3,t000019,3,pasted_context_dump,1584464265.000000,3,0
3,t000019,4,pasted_context_dump,1584464355.000000,3,0
3,t000019,5,confirmation,1584464445.000000,3,0
3,t000019,6,help_request,1584464535.000000,3,0
3,t000019,7,code_generation,1584464625.000000,3,0
3,t000019,8,confirmation,1584464715.000000,3,0
3,t000019,9,debugging,1584464805.000000,3,0
3,t000019,10,pasted_context_dump,1584464895.000000,3,0
3,t000019,11,course_platform,1584464985.000000,3,0
3,t000019,12,debugging,1584465075.000000,3,0
3,t000019,13,debugging,1584465165.000000,3,0
3,t000019,14,social_turn,1584465255.000000,3,0
3,t000019,15,observations,1584465345.000000,3,0
3,t000019,16,confirmation,1584465435.000000,3,0
3,t000019,17,vague_request,1584465525.000000,3,0
3,t000019,18,concept_guidance_non_procedural,1584465615.000000,3,0
3,t000019,19,pasted_context_dump,1584465705.000000,3,0
3,t000019,20,pasted_context_dump,1584465795.000000,3,0
3,t000019,21,course_platform,1584465885.000000,3,0
3,t000020,1,observations,1578171446.000000,8,1
3,t000020,2,help_request,1578171536.000000,8,1
3,t000020,3,course_platform,1578171626.000000,8,1
3,t000021,1,request_direction,1583072686.000000,9,1
3,t000021,2,confusion,1583072776.000000,9,1
3,t000022,1,help_request,1582759123.000000,6,1
3,t000022,2,direct_solution,1582759213.000000,6,1
3,t000022,3,challenge_understanding,1582759303.000000,6,1
3,t000022,4,confusion,1582759393.000000,6,1
3,t000022,5,challenge_understanding,1582759483.000000,6,1
3,t000022,6,observations,1582759573.000000,6,1
3,t000022,7,help_request,1582759663.000000,6,1
3,t000022,8,code_generation,1582759753.000000,6,1
3,t000022,9,debugging,1582759843.000000,6,1
3,t000022,10,pasted_context_dump,1582759933.000000,6,1
3,t000022,11,course_platform,1582760023.000000,6,1
3,t000022,12,social_turn,1582760113.000000,6,1
3,t000022,13,debugging,1582760203.000000,6,1
3,t000022,14,observations,1582760293.000000,6,1
3,t000022,15,challenge_understanding,1582760383.000000,6,1
3,t000022,16,challenge_understanding,1582760473.000000,6,1
3,t000022,17,social_turn,1582760563.000000,6,1
3,t000022,18,request_direction,1582760653.000000,6,1
3,t000022,19,non_sequitur,1582760743.000000,6,1
3,t000023,1,challenge_understanding,1580421629.000000,2,0
3,t000023,2,concept_guidance_procedural,1580421719.000000,2,0
3,t000023,3,debugging,1580421809.000000,2,0
3,t000023,4,code_generation,1580421899.000000,2,0
3,t000023,5,pasted_context_dump,1580421989.000000,2,0
3,t000023,6,request_direction,1580422079.000000,2,0
3,t000023,7,pasted_context_dump,1580422169.000000,2,0
3,t000023,8,vague_request,1580422259.000000,2,0
3,t000023,9,non_sequitur,1580422349.000000,2,0
3,t000023,10,concept_guidance_non_procedural,1580422439.000000,2,0
3,t000024,1,direct_solution,1583440681.000000,3,1
3,t000024,2,non_sequitur,1583440771.000000,3,1
3,t000024,3,vague_request,1583440861.000000,3,1
3,t000025,1,concept_guidance_non_procedural,1584727842.000000,4,1
3,t000025,2,confusion,1584727932.000000,4,1
3,t000025,3,course_platform,1584728022.000000,4,1
3,t000025,4,challenge_understanding,1584728112.000000,4,1
3,t000026,1,concept_guidance_procedural,1582299543.000000,5,0
3,t000026,2,concept_guidance_procedural,1582299633.000000,5,0
3,t000026,3,direct_solution,1582299723.000000,5,0
3,t000026,4,direct_solution,1582299813.000000,5,0
3,t000026,5,direct_solution,1582299903.000000,5,0
3,t000026,6,observations,1582299993.000000,5,0
3,t000026,7,vague_request,1582300083.000000,5,0
3,t000026,8,direct_solution,1582300173.000000,5,0
3,t000026,9,code_generation,1582300263.000000,5,0
3,t000026,10,direct_solution,1582300353.000000,5,0
3,t000026,11,observations,1582300443.000000,5,0
3,t000026,12,challenge_understanding,1582300533.000000,5,0
3,t000026,13,vague_request,1582300623.000000,5,0
3,t000026,14,confusion,1582300713.000000,5,0
3,t000026,15,concept_guidance_procedural,1582300803.000000,5,0
3,t000026,16,concept_guidance_procedural,1582300893.000000,5,0
3,t000026,17,confirmation,1582300983.000000,5,0
3,t000026,18,request_direction,1582301073.000000,5,0
3,t000026,19,social_turn,1582301163.000000,5,0
3,t000027,1,concept_guidance_non_procedural,1578511421.000000,3,1
3,t000027,2,pasted_context_dump,1578511511.000000,3,1
3,t000027,3,course_platform,1578511601.000000,3,1
3,t000027,4,confirmation,1578511691.000000,3,1
3,t000027,5,observations,1578511781.000000,3,1
3,t000027,6,concept_guidance_non_procedural,1578511871.000000,3,1
3,t000027,7,request_direction,1578511961.000000,3,1
3,t000027,8,concept_guidance_non_procedural,1578512051.000000,3,1
3,t000027,9,request_direction,1578512141.000000,3,1
3,t000027,10,direct_solution,1578512231.000000,3,1
3,t000027,11,help_request,1578512321.000000,3,1
3,t000027,12,concept_guidance_non_procedural,1578512411.000000,3,1
3,t000027,13,course_platform,1578512501.000000,3,1
3,t000027,14,vague_request,1578512591.000000,3,1
3,t000027,15,non_sequitur,1578512681.000000,3,1
3,t000027,16,direct_solution,1578512771.000000,3,1
3,t000027,17,pasted_context_dump,1578512861.000000,3,1
3,t000027,18,request_direction,1578512951.000000,3,1
3,t000027,19,debugging,1578513041.000000,3,1
4,t000028,1,social_turn,1579420945.000000,1,1
4,t000028,2,pasted_context_dump,1579421035.000000,1,1
4,t000028,3,non_sequitur,1579421125.000000,1,1
4,t000028,4,concept_guidance_procedural,1579421215.000000,1,1
4,t000028,5,concept_guidance_non_procedural,1579421305.000000,1,1
4,t000028,6,debugging,1579421395.000000,1,1
4,t000028,7,direct_solution,1579421485.000000,1,1
4,t000028,8,concept_guidance_procedural,1579421575.000000,1,1
4,t000028,9,confusion,1579421665.000000,1,1
4,t000028,10,pasted_context_dump,1579421755.000000,1,1
4,t000028,11,concept_guidance_non_procedural,1579421845.000000,1,1
4,t000028,12,direct_solution,1579421935.000000,1,1
4,t000028,13,vague_request,1579422025.000000,1,1
4,t000028,14,observations,1579422115.000000,1,1
4,t000028,15,observations,1579422205.000000,1,1
4,t000028,16,confusion,1579422295.000000,1,1
4,t000028,17,confirmation,1579422385.000000,1,1
4,t000028,18,concept_guidance_procedural,1579422475.000000,1,1
4,t000028,19,concept_guidance_procedural,1579422565.000000,1,1
4,t000028,20,confirmation,1579422655.000000,1,1
4,t000028,21,social_turn,1579422745.000000,1,1
4,t000029,1,confusion,1578522873.000000,3,0
4,t000029,2,concept_guidance_non_procedural,1578522963.000000,3,0
4,t000029,3,social_turn,1578523053.000000,3,0
4,t000029,4,observations,1578523143.000000,3,0
4,t000029,5,concept_guidance_non_procedural,1578523233.000000,3,0
4,t000029,6,vague_request,1578523323.000000,3,0
4,t000029,7,code_generation,1578523413.000000,3,0
4,t000029,8,concept_guidance_procedural,1578523503.000000,3,0
4,t000029,9,concept_guidance_procedural,1578523593.000000,3,0
4,t000029,10,pasted_context_dump,1578523683.000000,3,0
4,t000029,11,social_turn,1578523773.000000,3,0
4,t000030,1,debugging,1578206956.000000,8,1
4,t000030,2,non_sequitur,1578207046.000000,8,1
4,t000030,3,confirmation,1578207136.000000,8,1
4,t000030,4,concept_guidance_non_procedural,1578207226.000000,8,1
4,t000030,5,direct_solution,1578207316.000000,8,1
4,t000030,6,pasted_context_dump,1578207406.000000,8,1
4,t000030,7,direct_solution,1578207496.000000,8,1
4,t000030,8,code_generation,1578207586.000000,8,1
4,t000030,9,debugging,1578207676.000000,8,1
4,t000030,10,concept_guidance_procedural,1578207766.000000,8,1
4,t000030,11,concept_guidance_non_procedural,1578207856.000000,8,1
4,t000030,12,course_platform,1578207946.000000,8,1
4,t000030,13,course_platform,1578208036.000000,8,1
4,t000030,14,direct_solution,1578208126.000000,8,1
4,t000030,15,vague_request,1578208216.000000,8,1
4,t000030,16,pasted_context_dump,1578208306.000000,8,1
4,t000030,17,confusion,1578208396.000000,8,1
4,t000030,18,code_generation,1578208486.000000,8,1
4,t000030,19,challenge_understanding,1578208576.000000,8,1
4,t000030,20,confirmation,1578208666.000000,8,1
4,t000030,21,help_request,1578208756.000000,8,1
4,t000030,22,debugging,1578208846.000000,8,1
4,t000031,1,confirmation,1581962582.000000,2,0
4,t000031,2,non_sequitur,1581962672.000000,2,0
4,t000031,3,confusion,1581962762.000000,2,0
4,t000031,4,concept_guidance_procedural,1581962852.000000,2,0
4,t000031,5,vague_request,1581962942.000000,2,0
4,t000031,6,vague_request,1581963032.000000,2,0
4,t000031,7,vague_request,1581963122.000000,2,0
4,t000031,8,social_turn,1581963212.000000,2,0
4,t000031,9,challenge_understanding,1581963302.000000,2,0
4,t000031,10,direct_solution,1581963392.000000,2,0
4,t000031,11,social_turn,1581963482.000000,2,0
4,t000031,12,request_direction,1581963572.000000,2,0
4,t000031,13,non_sequitur,1581963662.000000,2,0
4,t000031,14,concept_guidance_non_procedural,1581963752.000000,2,0
4,t000032,1,observations,1582033563.000000,5,0
4,t000032,2,concept_guidance_procedural,1582033653.000000,5,0
4,t000032,3,vague_request,1582033743.000000,5,0
4,t000032,4,concept_guidance_non_procedural,1582033833.000000,5,0
4,t000032,5,code_generation,1582033923.000000,5,0
4,t000032,6,concept_guidance_procedural,1582034013.000000,5,0
4,t000032,7,observations,1582034103.000000,5,0
4,t000032,8,observations,1582034193.000000,5,0
4,t000032,9,direct_solution,1582034283.000000,5,0
4,t000032,10,observations,1582034373.000000,5,0
4,t000032,11,code_generation,1582034463.000000,5,0
4,t000032,12,direct_solution,1582034553.000000,5,0
4,t000032,13,confusion,1582034643.000000,5,0
4,t000033,1,concept_guidance_non_procedural,1578955799.000000,3,1
4,t000033,2,concept_guidance_procedural,1578955889.000000,3,1
4,t000033,3,direct_solution,1578955979.000000,3,1
4,t000033,4,concept_guidance_procedural,1578956069.000000,3,1
4,t000033,5,vague_request,1578956159.000000,3,1
4,t000033,6,direct_solution,1578956249.000000,3,1
4,t000033,7,social_turn,1578956339.000000,3,1
4,t000033,8,concept_guidance_procedural,1578956429.000000,3,1
4,t000034,1,social_turn,1585332265.000000,7,1
4,t000034,2,observations,1585332355.000000,7,1
4,t000034,3,code_generation,1585332445.000000,7,1
4,t000034,4,request_direction,1585332535.000000,7,1
4,t000034,5,code_generation,1585332625.000000,7,1
4,t000034,6,confirmation,1585332715.000000,7,1
4,t000034,7,debugging,1585332805.000000,7,1
4,t000034,8,code_generation,1585332895.000000,7,1
4,t000034,9,social_turn,1585332985.000000,7,1
4,t000034,10,non_sequitur,1585333075.000000,7,1
4,t000034,11,code_generation,1585333165.000000,7,1
4,t000034,12,concept_guidance_procedural,1585333255.000000,7,1
4,t000034,13,pasted_context_dump,1585333345.000000,7,1
4,t000034,14,confirmation,1585333435.000000,7,1
4,t000035,1,course_platform,1583413822.000000,4,1
4,t000035,2,debugging,1583413912.000000,4,1
4,t000035,3,challenge_understanding,1583414002.000000,4,1
4,t000035,4,challenge_understanding,1583414092.000000,4,1
4,t000035,5,code_generation,1583414182.000000,4,1
4,t000035,6,vague_request,1583414272.000000,4,1
4,t000035,7,challenge_understanding,1583414362.000000,4,1
5,t000036,1,course_platform,1581430784.000000,4,1
5,t000036,2,concept_guidance_non_procedural,1581430874.000000,4,1
5,t000036,3,non_sequitur,1581430964.000000,4,1
5,t000036,4,social_turn,1581431054.000000,4,1
5,t000036,5,code_generation,1581431144.000000,4,1
5,t000036,6,concept_guidance_procedural,1581431234.000000,4,1
5,t000036,7,pasted_context_dump,1581431324.000000,4,1
5,t000036,8,confirmation,1581431414.000000,4,1
5,t000036,9,non_sequitur,1581431504.000000,4,1
5,t000036,10,confusion,1581431594.000000,4,1
5,t000036,11,debugging,1581431684.000000,4,1
5,t000036,12,non_sequitur,1581431774.000000,4,1
5,t000036,13,confusion,1581431864.000000,4,1
5,t000036,14,non_sequitur,1581431954.000000,4,1
5,t000036,15,help_request,1581432044.000000,4,1
5,t000036,16,non_sequitur,1581432134.000000,4,1
5,t000036,17,non_sequitur,1581432224.000000,4,1
5,t000036,18,request_direction,1581432314.000000,4,1
5,t000036,19,request_direction,1581432404.000000,4,1
5,t000036,20,concept_guidance_procedural,1581432494.000000,4,1
5,t000036,21,direct_solution,1581432584.000000,4,1
5,t000037,1,request_direction,1577865349.000000,8,1
5,t000037,2,social_turn,1577865439.000000,8,1
5,t000037,3,confirmation,1577865529.000000,8,1
5,t000037,4,non_sequitur,1577865619.000000,8,1
5,t000037,5,non_sequitur,1577865709.000000,8,1
5,t000037,6,pasted_context_dump,1577865799.000000,8,1
5,t000037,7,help_request,1577865889.000000,8,1
5,t000038,1,observations,1585757023.000000,1,0
5,t000038,2,code_generation,1585757113.000000,1,0
5,t000038,3,non_sequitur,1585757203.000000,1,0
5,t000039,1,code_generation,1577892737.000000,7,1
5,t000039,2,course_platform,1577892827.000000,7,1
5,t000039,3,direct_solution,1577892917.000000,7,1
5,t000039,4,challenge_understanding,1577893007.000000,7,1
5,t000039,5,confirmation,1577893097.000000,7,1
5,t000039,6,non_sequitur,1577893187.000000,7,1
5,t000039,7,confirmation,1577893277.000000,7,1
5,t000039,8,non_sequitur,1577893367.000000,7,1
5,t000039,9,direct_solution,1577893457.000000,7,1
5,t000039,10,debugging,1577893547.000000,7,1
5,t000039,11,concept_guidance_non_procedural,1577893637.000000,7,1
5,t000039,12,confusion,1577893727.000000,7,1
5,t000039,13,concept_guidance_procedural,1577893817.000000,7,1
5,t000039,14,challenge_understanding,1577893907.000000,7,1
5,t000039,15,confirmation,1577893997.000000,7,1
5,t000039,16,help_request,1577894087.000000,7,1
5,t000039,17,direct_solution,1577894177.000000,7,1
5,t000039,18,social_turn,1577894267.000000,7,1
5,t000039,19,help_request,1577894357.000000,7,1
5,t000039,20,confirmation,1577894447.000000,7,1
5,t000039,21,request_direction,1577894537.000000,7,1
5,t000039,22,request_direction,1577894627.000000,7,1
5,t000040,1,vague_request,1582482527.000000,6,1
5,t000040,2,social_turn,1582482617.000000,6,1
5,t000040,3,challenge_understanding,1582482707.000000,6,1
5,t000040,4,direct_solution,1582482797.000000,6,1
5,t000040,5,confirmation,1582482887.000000,6,1
5,t000040,6,help_request,1582482977.000000,6,1
5,t000040,7,concept_guidance_procedural,1582483067.000000,6,1
5,t000040,8,challenge_understanding,1582483157.000000,6,1
5,t000040,9,vague_request,1582483247.000000,6,1
5,t000040,10,challenge_understanding,1582483337.000000,6,1
5,t000040,11,code_generation,1582483427.000000,6,1
5,t000040,12,social_turn,1582483517.000000,6,1
5,t000040,13,concept_guidance_non_procedural,1582483607.000000,6,1
5,t000040,14,vague_request,1582483697.000000,6,1
5,t000040,15,social_turn,1582483787.000000,6,1
5,t000040,16,request_direction,1582483877.000000,6,1
5,t000040,17,observations,1582483967.000000,6,1
5,t000040,18,social_turn,1582484057.000000,6,1
5,t000040,19,concept_guidance_non_procedural,1582484147.000000,6,1
5,t000041,1,concept_guidance_procedural,1581828803.000000,4,1
5,t000041,2,observations,1581828893.000000,4,1
5,t000041,3,request_direction,1581828983.000000,4,1
5,t000041,4,social_turn,1581829073.000000,4,1
5,t000041,5,pasted_context_dump,1581829163.000000,4,1
5,t000041,6,non_sequitur,1581829253.000000,4,1
5,t000041,7,confirmation,1581829343.000000,4,1
5,t000041,8,debugging,1581829433.000000,4,1
5,t000041,9,confusion,1581829523.000000,4,1
5,t000041,10,pasted_context_dump,1581829613.000000,4,1
5,t000041,11,challenge_understanding,1581829703.000000,4,1
5,t000041,12,code_generation,1581829793.000000,4,1
5,t000041,13,concept_guidance_procedural,1581829883.000000,4,1
5,t000042,1,pasted_context_dump,1581377827.000000,7,1
5,t000042,2,vague_request,1581377917.000000,7,1
5,t000042,3,request_direction,1581378007.000000,7,1
5,t000042,4,confirmation,1581378097.000000,7,1
5,t000042,5,non_sequitur,1581378187.000000,7,1
5,t000042,6,confirmation,1581378277.000000,7,1
5,t000042,7,concept_guidance_procedural,1581378367.000000,7,1
5,t000042,8,pasted_context_dump,1581378457.000000,7,1
5,t000042,9,non_sequitur,1581378547.000000,7,1
5,t000042,10,direct_solution,1581378637.000000,7,1
5,t000042,11,social_turn,1581378727.000000,7,1
5,t000042,12,confirmation,1581378817.000000,7,1
5,t000042,13,request_direction,1581378907.000000,7,1
5,t000042,14,challenge_understanding,1581378997.000000,7,1
5,t000042,15,concept_guidance_procedural,1581379087.000000,7,1
5,t000042,16,confusion,1581379177.000000,7,1
5,t000043,1,challenge_understanding,1580864534.000000,5,0
5,t000043,2,pasted_context_dump,1580864624.000000,5,0
5,t000043,3,concept_guidance_non_procedural,1580864714.000000,5,0
5,t000043,4,concept_guidance_non_procedural,1580864804.000000,5,0
5,t000043,5,debugging,1580864894.000000,5,0
5,t000043,6,concept_guidance_procedural,1580864984.000000,5,0
5,t000044,1,social_turn,1584974943.000000,2,1
5,t000044,2,pasted_context_dump,1584975033.000000,2,1
5,t000044,3,vague_request,1584975123.000000,2,1
5,t000044,4,request_direction,1584975213.000000,2,1
5,t000044,5,confusion,1584975303.000000,2,1
5,t000044,6,course_platform,1584975393.000000,2,1
5,t000044,7,confirmation,1584975483.000000,2,1
5,t000044,8,concept_guidance_non_procedural,1584975573.000000,2,1
5,t000044,9,debugging,1584975663.000000,2,1
5,t000044,10,code_generation,1584975753.000000,2,1
5,t000044,11,request_direction,1584975843.000000,2,1
5,t000044,12,pasted_context_dump,1584975933.000000,2,1
5,t000044,13,concept_guidance_non_procedural,1584976023.000000,2,1
5,t000044,14,debugging,1584976113.000000,2,1
6,t000045,1,vague_request,1583082740.000000,2,1
6,t000045,2,confusion,1583082830.000000,2,1
6,t000045,3,help_request,1583082920.000000,2,1
6,t000045,4,direct_solution,1583083010.000000,2,1
6,t000045,5,concept_guidance_non_procedural,1583083100.000000,2,1
6,t000045,6,challenge_understanding,1583083190.000000,2,1
6,t000045,7,non_sequitur,1583083280.000000,2,1
6,t000045,8,concept_guidance_non_procedural,1583083370.000000,2,1
6,t000045,9,concept_guidance_non_procedural,1583083460.000000,2,1
6,t000045,10,confirmation,1583083550.000000,2,1
6,t000045,11,help_request,1583083640.000000,2,1
6,t000045,12,confirmation,1583083730.000000,2,1
6,t000046,1,help_request,1582995451.000000,9,1
6,t000046,2,confusion,1582995541.000000,9,1
6,t000046,3,code_generation,1582995631.000000,9,1
6,t000046,4,concept_guidance_non_procedural,1582995721.000000,9,1
6,t000046,5,request_direction,1582995811.000000,9,1
6,t000046,6,challenge_understanding,1582995901.000000,9,1
6,t000046,7,code_generation,1582995991.000000,9,1
6,t000046,8,concept_guidance_procedural,1582996081.000000,9,1
6,t000046,9,social_turn,1582996171.000000,9,1
6,t000046,10,code_generation,1582996261.000000,9,1
6,t000046,11,non_sequitur,1582996351.000000,9,1
6,t000046,12,vague_request,1582996441.000000,9,1
6,t000046,13,course_platform,1582996531.000000,9,1
6,t000046,14,debugging,1582996621.000000,9,1
6,t000046,15,concept_guidance_non_procedural,1582996711.000000,9,1
6,t000046,16,social_turn,1582996801.000000,9,1
6,t000046,17,concept_guidance_procedural,1582996891.000000,9,1
6,t000047,1,confusion,1580682785.000000,1,1
6,t000047,2,course_platform,1580682875.000000,1,1
6,t000047,3,request_direction,1580682965.000000,1,1
6,t000047,4,non_sequitur,1580683055.000000,1,1
6,t000047,5,concept_guidance_procedural,1580683145.000000,1,1
6,t000047,6,help_request,1580683235.000000,1,1
6,t000048,1,debugging,1582171034.000000,8,0
6,t000048,2,debugging,1582171124.000000,8,0
6,t000048,3,course_platform,1582171214.000000,8,0
6,t000048,4,vague_request,1582171304.000000,8,0
6,t000048,5,confusion,1582171394.000000,8,0
6,t000048,6,request_direction,1582171484.000000,8,0
6,t000048,7,challenge_understanding,1582171574.000000,8,0
6,t000048,8,confusion,1582171664.000000,8,0
6,t000049,1,concept_guidance_procedural,1582867569.000000,5,0
6,t000049,2,vague_request,1582867659.000000,5,0
6,t000049,3,challenge_understanding,1582867749.000000,5,0
6,t000049,4,confusion,1582867839.000000,5,0
6,t000049,5,non_sequitur,1582867929.000000,5,0
6,t000049,6,social_turn,1582868019.000000,5,0
6,t000049,7,direct_solution,1582868109.000000,5,0
6,t000049,8,concept_guidance_non_procedural,1582868199.000000,5,0
6,t000049,9,code_generation,1582868289.000000,5,0
6,t000050,1,code_generation,1578118605.000000,4,1
6,t000050,2,pasted_context_dump,1578118695.000000,4,1
6,t000050,3,request_direction,1578118785.000000,4,1
6,t000050,4,challenge_understanding,1578118875.000000,4,1
6,t000050,5,confirmation,1578118965.000000,4,1
6,t000050,6,pasted_context_dump,1578119055.000000,4,1
6,t000050,7,help_request,1578119145.000000,4,1
6,t000050,8,concept_guidance_procedural,1578119235.000000,4,1
6,t000050,9,social_turn,1578119325.000000,4,1
6,t000050,10,concept_guidance_procedural,1578119415.000000,4,1
6,t000050,11,code_generation,1578119505.000000,4,1
6,t000050,12,social_turn,1578119595.000000,4,1
6,t000050,13,direct_solution,1578119685.000000,4,1
6,t000050,14,confusion,1578119775.000000,4,1
6,t000050,15,confirmation,1578119865.000000,4,1
6,t000050,16,confirmation,1578119955.000000,4,1
6,t000050,17,concept_guidance_procedural,1578120045.000000,4,1
7,t000051,1,course_platform,1584550008.000000,5,0
7,t000051,2,code_generation,1584550098.000000,5,0
7,t000051,3,course_platform,1584550188.000000,5,0
7,t000051,4,non_sequitur,1584550278.000000,5,0
7,t000051,5,course_platform,1584550368.000000,5,0
7,t000051,6,concept_guidance_non_procedural,1584550458.000000,5,0
7,t000051,7,concept_guidance_non_procedural,1584550548.000000,5,0
7,t000051,8,help_request,1584550638.000000,5,0
7,t000051,9,direct_solution,1584550728.000000,5,0
7,t000051,10,non_sequitur,1584550818.000000,5,0
7,t000051,11,concept_guidance_procedural,1584550908.000000,5,0
7,t000051,12,confusion,1584550998.000000,5,0
7,t000052,1,concept_guidance_non_procedural,1585007257.000000,9,0
7,t000052,2,direct_solution,1585007347.000000,9,0
7,t000052,3,confusion,1585007437.000000,9,0
7,t000052,4,course_platform,1585007527.000000,9,0
7,t000052,5,concept_guidance_non_procedural,1585007617.000000,9,0
7,t000052,6,course_platform,1585007707.000000,9,0
7,t000053,1,request_direction,1585262163.000000,9,1
7,t000053,2,concept_guidance_non_procedural,1585262253.000000,9,1
7,t000053,3,social_turn,1585262343.000000,9,1
7,t000053,4,request_direction,1585262433.000000,9,1
7,t000053,5,vague_request,1585262523.000000,9,1
7,t000053,6,request_direction,1585262613.000000,9,1
7,t000053,7,confirmation,1585262703.000000,9,1
7,t000053,8,challenge_understanding,1585262793.000000,9,1
7,t000053,9,concept_guidance_non_procedural,1585262883.000000,9,1
7,t000053,10,challenge_understanding,1585262973.000000,9,1
7,t000053,11,concept_guidance_procedural,1585263063.000000,9,1
7,t000053,12,confusion,1585263153.000000,9,1
7,t000053,13,observations,1585263243.000000,9,1
7,t000053,14,code_generation,1585263333.000000,9,1
7,t000053,15,vague_request,1585263423.000000,9,1
7,t000053,16,vague_request,1585263513.000000,9,1
7,t000053,17,challenge_understanding,1585263603.000000,9,1
7,t000053,18,concept_guidance_procedural,1585263693.000000,9,1
7,t000053,19,non_sequitur,1585263783.000000,9,1
7,t000053,20,social_turn,1585263873.000000,9,1
7,t000053,21,challenge_understanding,1585263963.000000,9,1
7,t000053,22,confirmation,1585264053.000000,9,1
7,t000054,1,observations,1582543469.000000,1,0
7,t000054,2,confirmation,1582543559.000000,1,0
7,t000054,3,direct_solution,1582543649.000000,1,0
7,t000054,4,non_sequitur,1582543739.000000,1,0
7,t000054,5,help_request,1582543829.000000,1,0
7,t000054,6,concept_guidance_procedural,1582543919.000000,1,0
7,t000054,7,code_generation,1582544009.000000,1,0
7,t000054,8,direct_solution,1582544099.000000,1,0
7,t000054,9,code_generation,1582544189.000000,1,0
7,t000054,10,help_request,1582544279.000000,1,0
7,t000054,11,help_request,1582544369.000000,1,0
7,t000055,1,pasted_context_dump,1582838288.000000,8,0
7,t000055,2,direct_solution,1582838378.000000,8,0
7,t000055,3,code_generation,1582838468.000000,8,0
7,t000055,4,concept_guidance_non_procedural,1582838558.000000,8,0
7,t000055,5,vague_request,1582838648.000000,8,0
7,t000055,6,concept_guidance_procedural,1582838738.000000,8,0
7,t000056,1,concept_guidance_non_procedural,1584309437.000000,8,1
7,t000056,2,direct_solution,1584309527.000000,8,1
7,t000056,3,non_sequitur,1584309617.000000,8,1
7,t000056,4,debugging,1584309707.000000,8,1
7,t000056,5,concept_guidance_non_procedural,1584309797.000000,8,1
7,t000056,6,non_sequitur,1584309887.000000,8,1
7,t000056,7,concept_guidance_non_procedural,1584309977.000000,8,1
7,t000056,8,vague_request,1584310067.000000,8,1
7,t000056,9,confirmation,1584310157.000000,8,1
7,t000056,10,concept_guidance_procedural,1584310247.000000,8,1
7,t000056,11,challenge_understanding,1584310337.000000,8,1
7,t000056,12,help_request,1584310427.000000,8,1
7,t000056,13,confirmation,1584310517.000000,8,1
7,t000056,14,course_platform,1584310607.000000,8,1
7,t000056,15,non_sequitur,1584310697.000000,8,1
7,t000056,16,help_request,1584310787.000000,8,1
7,t000056,17,confirmation,1584310877.000000,8,1
7,t000056,18,social_turn,1584310967.000000,8,1
7,t000056,19,debugging,1584311057.000000,8,1
7,t000056,20,request_direction,1584311147.000000,8,1
7,t000056,21,help_request,1584311237.000000,8,1
7,t000056,22,code_generation,1584311327.000000,8,1
7,t000057,1,help_request,1581838331.000000,3,0
7,t000057,2,request_direction,1581838421.000000,3,0
7,t000058,1,observations,1583183600.000000,4,0
7,t000058,2,course_platform,1583183690.000000,4,0
7,t000058,3,direct_solution,1583183780.000000,4,0
7,t000058,4,course_platform,1583183870.000000,4,0
7,t000058,5,confirmation,1583183960.000000,4,0
7,t000058,6,code_generation,1583184050.000000,4,0
7,t000058,7,confusion,1583184140.000000,4,0
7,t000059,1,code_generation,1580982023.000000,1,1
7,t000059,2,challenge_understanding,1580982113.000000,1,1
7,t000059,3,pasted_context_dump,1580982203.000000,1,1
7,t000059,4,request_direction,1580982293.000000,1,1
7,t000059,5,confusion,1580982383.000000,1,1
7,t000059,6,code_generation,1580982473.000000,1,1
7,t000059,7,request_direction,1580982563.000000,1,1
7,t000059,8,non_sequitur,1580982653.000000,1,1
7,t000059,9,pasted_context_dump,1580982743.000000,1,1
7,t000059,10,observations,1580982833.000000,1,1
7,t000059,11,observations,1580982923.000000,1,1
7,t000059,12,challenge_understanding,1580983013.000000,1,1
7,t000059,13,social_turn,1580983103.000000,1,1
7,t000059,14,direct_solution,1580983193.000000,1,1
7,t000059,15,request_direction,1580983283.000000,1,1
7,t000059,16,course_platform,1580983373.000000,1,1
7,t000059,17,concept_guidance_procedural,1580983463.000000,1,1
7,t000059,18,pasted_context_dump,1580983553.000000,1,1
7,t000059,19,concept_guidance_non_procedural,1580983643.000000,1,1
7,t000059,20,confirmation,1580983733.000000,1,1
7,t000059,21,pasted_context_dump,1580983823.000000,1,1
7,t000059,22,debugging,1580983913.000000,1,1
7,t000060,1,challenge_understanding,1578340473.000000,7,1
7,t000060,2,code_generation,1578340563.000000,7,1
7,t000060,3,confirmation,1578340653.000000,7,1
7,t000060,4,confusion,1578340743.000000,7,1
7,t000060,5,pasted_context_dump,1578340833.000000,7,1
7,t000060,6,confirmation,1578340923.000000,7,1
7,t000060,7,direct_solution,1578341013.000000,7,1
7,t000060,8,debugging,1578341103.000000,7,1
7,t000060,9,request_direction,1578341193.000000,7,1
7,t000060,10,help_request,1578341283.000000,7,1
7,t000060,11,confirmation,1578341373.000000,7,1
7,t000060,12,concept_guidance_procedural,1578341463.000000,7,1
7,t000060,13,non_sequitur,1578341553.000000,7,1
7,t000060,14,debugging,1578341643.000000,7,1
7,t000060,15,confusion,1578341733.000000,7,1
7,t000060,16,course_platform,1578341823.000000,7,1
8,t000061,1,challenge_understanding,1581300637.000000,7,1
8,t000061,2,request_direction,1581300727.000000,7,1
8,t000062,1,vague_request,1584090929.000000,2,0
8,t000062,2,direct_solution,1584091019.000000,2,0
8,t000062,3,confusion,1584091109.000000,2,0
8,t000062,4,code_generation,1584091199.000000,2,0
8,t000062,5,pasted_context_dump,1584091289.000000,2,0
8,t000062,6,vague_request,1584091379.000000,2,0
8,t000062,7,concept_guidance_procedural,1584091469.000000,2,0
8,t000062,8,direct_solution,1584091559.000000,2,0
8,t000062,9,social_turn,1584091649.000000,2,0
8,t000062,10,observations,1584091739.000000,2,0
8,t000062,11,direct_solution,1584091829.000000,2,0
8,t000062,12,challenge_understanding,1584091919.000000,2,0
8,t000062,13,code_generation,1584092009.000000,2,0
8,t000062,14,debugging,1584092099.000000,2,0
8,t000062,15,social_turn,1584092189.000000,2,0
8,t000062,16,challenge_understanding,1584092279.000000,2,0
8,t000062,17,code_generation,1584092369.000000,2,0
8,t000062,18,debugging,1584092459.000000,2,0
8,t000062,19,request_direction,1584092549.000000,2,0
8,t000062,20,concept_guidance_non_procedural,1584092639.000000,2,0
8,t000062,21,code_generation,1584092729.000000,2,0
8,t000062,22,confirmation,1584092819.000000,2,0
8,t000063,1,code_generation,1580827292.000000,1,1
8,t000063,2,vague_request,1580827382.000000,1,1
8,t000063,3,confusion,1580827472.000000,1,1
8,t000063,4,direct_solution,1580827562.000000,1,1
8,t000064,1,vague_request,1580363161.000000,4,0
8,t000064,2,request_direction,1580363251.000000,4,0
8,t000064,3,debugging,1580363341.000000,4,0
8,t000064,4,vague_request,1580363431.000000,4,0
8,t000064,5,code_generation,1580363521.000000,4,0
8,t000064,6,observations,1580363611.000000,4,0
8,t000064,7,concept_guidance_non_procedural,1580363701.000000,4,0
8,t000064,8,observations,1580363791.000000,4,0
8,t000064,9,help_request,1580363881.000000,4,0
8,t000064,10,help_request,1580363971.000000,4,0
8,t000064,11,code_generation,1580364061.000000,4,0
8,t000064,12,observations,1580364151.000000,4,0
8,t000064,13,concept_guidance_procedural,1580364241.000000,4,0
8,t000064,14,confirmation,1580364331.000000,4,0
8,t000064,15,vague_request,1580364421.000000,4,0
8,t000064,16,concept_guidance_non_procedural,1580364511.000000,4,0
8,t000064,17,challenge_understanding,1580364601.000000,4,0
8,t000064,18,observations,1580364691.000000,4,0
8,t000064,19,concept_guidance_non_procedural,1580364781.000000,4,0
8,t000064,20,help_request,1580364871.000000,4,0
8,t000064,21,concept_guidance_non_procedural,1580364961.000000,4,0
8,t000064,22,debugging,1580365051.000000,4,0
8,t000065,1,concept_guidance_non_procedural,1580558797.000000,2,0
8,t000065,2,direct_solution,1580558887.000000,2,0
8,t000065,3,social_turn,1580558977.000000,2,0
8,t000065,4,concept_guidance_non_procedural,1580559067.000000,2,0
8,t000065,5,direct_solution,1580559157.000000,2,0
8,t000065,6,help_request,1580559247.000000,2,0
8,t000065,7,confusion,1580559337.000000,2,0
8,t000065,8,pasted_context_dump,1580559427.000000,2,0
8,t000066,1,non_sequitur,1582595017.000000,9,1
8,t000066,2,non_sequitur,1582595107.000000,9,1
8,t000066,3,observations,1582595197.000000,9,1
8,t000066,4,request_direction,1582595287.000000,9,1
8,t000066,5,challenge_understanding,1582595377.000000,9,1
8,t000066,6,concept_guidance_procedural,1582595467.000000,9,1
8,t000066,7,observations,1582595557.000000,9,1
8,t000067,1,vague_request,1580508269.000000,4,0
8,t000067,2,vague_request,1580508359.000000,4,0
8,t000067,3,non_sequitur,1580508449.000000,4,0
8,t000067,4,vague_request,1580508539.000000,4,0
8,t000067,5,confusion,1580508629.000000,4,0
8,t000067,6,concept_guidance_procedural,1580508719.000000,4,0
8,t000067,7,pasted_context_dump,1580508809.000000,4,0
8,t000067,8,confirmation,1580508899.000000,4,0
8,t000067,9,vague_request,1580508989.000000,4,0
8,t000067,10,concept_guidance_non_procedural,1580509079.000000,4,0
8,t000067,11,observations,1580509169.000000,4,0
8,t000067,12,pasted_context_dump,1580509259.000000,4,0
8,t000067,13,debugging,1580509349.000000,4,0
8,t000067,14,concept_guidance_procedural,1580509439.000000,4,0
8,t000067,15,social_turn,1580509529.000000,4,0
8,t000067,16,help_request,1580509619.000000,4,0
8,t000067,17,concept_guidance_procedural,1580509709.000000,4,0
8,t000067,18,pasted_context_dump,1580509799.000000,4,0
8,t000067,19,help_request,1580509889.000000,4,0
8,t000067,20,direct_solution,1580509979.000000,4,0
8,t000068,1,debugging,1579891489.000000,4,1
8,t000068,2,social_turn,1579891579.000000,4,1
8,t000068,3,request_direction,1579891669.000000,4,1
8,t000068,4,direct_solution,1579891759.000000,4,1
8,t000068,5,social_turn,1579891849.000000,4,1
8,t000068,6,confusion,1579891939.000000,4,1
8,t000068,7,request_direction,1579892029.000000,4,1
8,t000068,8,debugging,1579892119.000000,4,1
8,t000068,9,concept_guidance_non_procedural,1579892209.000000,4,1
8,t000068,10,course_platform,1579892299.000000,4,1
8,t000068,11,request_direction,1579892389.000000,4,1
8,t000068,12,confusion,1579892479.000000,4,1
8,t000068,13,course_platform,1579892569.000000,4,1
8,t000068,14,concept_guidance_procedural,1579892659.000000,4,1
8,t000068,15,direct_solution,1579892749.000000,4,1
9,t000069,1,concept_guidance_non_procedural,1585142920.000000,8,1
9,t000069,2,social_turn,1585143010.000000,8,1
9,t000069,3,request_direction,1585143100.000000,8,1
9,t000069,4,help_request,1585143190.000000,8,1
9,t000069,5,request_direction,1585143280.000000,8,1
9,t000069,6,code_generation,1585143370.000000,8,1
9,t000069,7,vague_request,1585143460.000000,8,1
9,t000069,8,request_direction,1585143550.000000,8,1
9,t000069,9,code_generation,1585143640.000000,8,1
9,t000069,10,help_request,1585143730.000000,8,1
9,t000069,11,course_platform,1585143820.000000,8,1
9,t000069,12,concept_guidance_non_procedural,1585143910.000000,8,1
9,t000069,13,challenge_understanding,1585144000.000000,8,1
9,t000069,14,concept_guidance_non_procedural,1585144090.000000,8,1
9,t000069,15,pasted_context_dump,1585144180.000000,8,1
9,t000069,16,social_turn,1585144270.000000,8,1
9,t000069,17,pasted_context_dump,1585144360.000000,8,1
9,t000069,18,help_request,1585144450.000000,8,1
9,t000069,19,observations,1585144540.000000,8,1
9,t000070,1,non_sequitur,1580721819.000000,2,0
9,t000070,2,social_turn,1580721909.000000,2,0
9,t000070,3,help_request,1580721999.000000,2,0
9,t000070,4,request_direction,1580722089.000000,2,0
9,t000070,5,challenge_understanding,1580722179.000000,2,0
9,t000070,6,debugging,1580722269.000000,2,0
9,t000070,7,non_sequitur,1580722359.000000,2,0
9,t000070,8,challenge_understanding,1580722449.000000,2,0
9,t000071,1,request_direction,1581893825.000000,3,1
9,t000071,2,confirmation,1581893915.000000,3,1
9,t000071,3,pasted_context_dump,1581894005.000000,3,1
9,t000071,4,course_platform,1581894095.000000,3,1
9,t000072,1,observations,1584526584.000000,7,0
9,t000072,2,course_platform,1584526674.000000,7,0
9,t000072,3,debugging,1584526764.000000,7,0
9,t000072,4,debugging,1584526854.000000,7,0
9,t000072,5,code_generation,1584526944.000000,7,0
9,t000072,6,request_direction,1584527034.000000,7,0
9,t000072,7,vague_request,1584527124.000000,7,0
9,t000072,8,debugging,1584527214.000000,7,0
9,t000072,9,concept_guidance_procedural,1584527304.000000,7,0
9,t000072,10,direct_solution,1584527394.000000,7,0
9,t000073,1,code_generation,1584976902.000000,4,0
9,t000073,2,observations,1584976992.000000,4,0
9,t000074,1,direct_solution,1579969780.000000,9,0
9,t000074,2,confusion,1579969870.000000,9,0
9,t000074,3,concept_guidance_non_procedural,1579969960.000000,9,0
9,t000074,4,direct_solution,1579970050.000000,9,0
9,t000074,5,confusion,1579970140.000000,9,0
9,t000074,6,code_generation,1579970230.000000,9,0
9,t000074,7,direct_solution,1579970320.000000,9,0
9,t000074,8,request_direction,1579970410.000000,9,0
9,t000074,9,observations,1579970500.000000,9,0
9,t000074,10,observations,1579970590.000000,9,0
9,t000074,11,non_sequitur,1579970680.000000,9,0
9,t000074,12,code_generation,1579970770.000000,9,0
9,t000074,13,confirmation,1579970860.000000,9,0
9,t000074,14,pasted_context_dump,1579970950.000000,9,0
9,t000074,15,concept_guidance_non_procedural,1579971040.000000,9,0
9,t000074,16,vague_request,1579971130.000000,9,0
9,t000074,17,observations,1579971220.000000,9,0
9,t000074,18,help_request,1579971310.000000,9,0
9,t000074,19,vague_request,1579971400.000000,9,0
9,t000075,1,request_direction,1577847100.000000,7,1
9,t000075,2,vague_request,1577847190.000000,7,1
9,t000075,3,help_request,1577847280.000000,7,1
9,t000075,4,concept_guidance_non_procedural,1577847370.000000,7,1
9,t000075,5,direct_solution,1577847460.000000,7,1
9,t000075,6,concept_guidance_procedural,1577847550.000000,7,1
9,t000075,7,debugging,1577847640.000000,7,1
9,t000075,8,concept_guidance_non_procedural,1577847730.000000,7,1
9,t000075,9,debugging,1577847820.000000,7,1
9,t000075,10,concept_guidance_non_procedural,1577847910.000000,7,1
9,t000075,11,challenge_understanding,1577848000.000000,7,1
9,t000075,12,course_platform,1577848090.000000,7,1
9,t000075,13,code_generation,1577848180.000000,7,1
9,t000075,14,help_request,1577848270.000000,7,1
9,t000075,15,non_sequitur,1577848360.000000,7,1
9,t000075,16,code_generation,1577848450.000000,7,1
9,t000075,17,social_turn,1577848540.000000,7,1
9,t000075,18,non_sequitur,1577848630.000000,7,1
9,t000075,19,course_platform,1577848720.000000,7,1
9,t000075,20,code_generation,1577848810.000000,7,1
9,t000075,21,social_turn,1577848900.000000,7,1
9,t000075,22,confirmation,1577848990.000000,7,1
9,t000076,1,confirmation,1585215332.000000,9,1
9,t000076,2,concept_guidance_procedural,1585215422.000000,9,1
9,t000076,3,observations,1585215512.000000,9,1
9,t000076,4,help_request,1585215602.000000,9,1
9,t000076,5,non_sequitur,1585215692.000000,9,1
9,t000076,6,confirmation,1585215782.000000,9,1
9,t000076,7,concept_guidance_procedural,1585215872.000000,9,1
9,t000076,8,challenge_understanding,1585215962.000000,9,1
9,t000076,9,observations,1585216052.000000,9,1
9,t000076,10,request_direction,1585216142.000000,9,1
9,t000076,11,concept_guidance_procedural,1585216232.000000,9,1
9,t000076,12,social_turn,1585216322.000000,9,1
9,t000076,13,pasted_context_dump,1585216412.000000,9,1
9,t000076,14,debugging,1585216502.000000,9,1
9,t000076,15,help_request,1585216592.000000,9,1
9,t000076,16,social_turn,1585216682.000000,9,1
9,t000076,17,course_platform,1585216772.000000,9,1
9,t000076,18,direct_solution,1585216862.000000,9,1
10,t000077,1,non_sequitur,1585299418.000000,7,1
10,t000077,2,non_sequitur,1585299508.000000,7,1
10,t000078,1,concept_guidance_non_procedural,1585133344.000000,6,0
10,t000078,2,help_request,1585133434.000000,6,0
10,t000078,3,pasted_context_dump,1585133524.000000,6,0
10,t000078,4,help_request,1585133614.000000,6,0
10,t000078,5,help_request,1585133704.000000,6,0
10,t000078,6,code_generation,1585133794.000000,6,0
10,t000078,7,direct_solution,1585133884.000000,6,0
10,t000078,8,debugging,1585133974.000000,6,0
10,t000078,9,non_sequitur,1585134064.000000,6,0
10,t000078,10,concept_guidance_procedural,1585134154.000000,6,0
10,t000078,11,help_request,1585134244.000000,6,0
10,t000078,12,confusion,1585134334.000000,6,0
10,t000078,13,non_sequitur,1585134424.000000,6,0
10,t000078,14,confirmation,1585134514.000000,6,0
10,t000078,15,non_sequitur,1585134604.000000,6,0
10,t000078,16,concept_guidance_non_procedural,1585134694.000000,6,0
10,t000078,17,vague_request,1585134784.000000,6,0
10,t000079,1,course_platform,1581270284.000000,1,0
10,t000079,2,confirmation,1581270374.000000,1,0
10,t000079,3,request_direction,1581270464.000000,1,0
10,t000079,4,concept_guidance_non_procedural,1581270554.000000,1,0
10,t000079,5,pasted_context_dump,1581270644.000000,1,0
10,t000079,6,concept_guidance_procedural,1581270734.000000,1,0
10,t000079,7,direct_solution,1581270824.000000,1,0
10,t000079,8,direct_solution,1581270914.000000,1,0
10,t000079,9,help_request,1581271004.000000,1,0
10,t000079,10,help_request,1581271094.000000,1,0
10,t000079,11,observations,1581271184.000000,1,0
10,t000079,12,vague_request,1581271274.000000,1,0
10,t000080,1,confusion,1581828226.000000,1,1
10,t000080,2,help_request,1581828316.000000,1,1
10,t000080,3,confusion,1581828406.000000,1,1
10,t000080,4,challenge_understanding,1581828496.000000,1,1
10,t000081,1,confusion,1582720530.000000,7,1
10,t000081,2,course_platform,1582720620.000000,7,1
10,t000081,3,observations,1582720710.000000,7,1
10,t000081,4,vague_request,1582720800.000000,7,1
10,t000081,5,concept_guidance_procedural,1582720890.000000,7,1
10,t000081,6,challenge_understanding,1582720980.000000,7,1
10,t000081,7,code_generation,1582721070.000000,7,1
10,t000081,8,confusion,1582721160.000000,7,1
10,t000081,9,vague_request,1582721250.000000,7,1
10,t000081,10,challenge_understanding,1582721340.000000,7,1
10,t000081,11,concept_guidance_non_procedural,1582721430.000000,7,1
10,t000081,12,course_platform,1582721520.000000,7,1
10,t000081,13,concept_guidance_procedural,1582721610.000000,7,1
10,t000081,14,social_turn,1582721700.000000,7,1
10,t000081,15,request_direction,1582721790.000000,7,1
10,t000082,1,confusion,1577939175.000000,3,0
10,t000082,2,confusion,1577939265.000000,3,0
10,t000082,3,course_platform,1577939355.000000,3,0
10,t000082,4,debugging,1577939445.000000,3,0
10,t000082,5,confirmation,1577939535.000000,3,0
10,t000082,6,vague_request,1577939625.000000,3,0
10,t000082,7,challenge_understanding,1577939715.000000,3,0
10,t000082,8,social_turn,1577939805.000000,3,0
10,t000082,9,direct_solution,1577939895.000000,3,0
10,t000082,10,concept_guidance_non_procedural,1577939985.000000,3,0
10,t000082,11,vague_request,1577940075.000000,3,0
10,t000082,12,concept_guidance_non_procedural,1577940165.000000,3,0
10,t000082,13,confusion,1577940255.000000,3,0
10,t000082,14,help_request,1577940345.000000,3,0
10,t000082,15,concept_guidance_procedural,1577940435.000000,3,0
10,t000082,16,non_sequitur,1577940525.000000,3,0
10,t000082,17,concept_guidance_procedural,1577940615.000000,3,0
10,t000083,1,confusion,1585355778.000000,3,0
10,t000083,2,request_direction,1585355868.000000,3,0
10,t000083,3,request_direction,1585355958.000000,3,0
10,t000083,4,challenge_understanding,1585356048.000000,3,0
10,t000083,5,course_platform,1585356138.000000,3,0
10,t000083,6,help_request,1585356228.000000,3,0
10,t000083,7,direct_solution,1585356318.000000,3,0
10,t000083,8,request_direction,1585356408.000000,3,0
10,t000083,9,confusion,1585356498.000000,3,0
10,t000083,10,confusion,1585356588.000000,3,0
10,t000083,11,course_platform,1585356678.000000,3,0
10,t000083,12,challenge_understanding,1585356768.000000,3,0
10,t000083,13,debugging,1585356858.000000,3,0
10,t000083,14,course_platform,1585356948.000000,3,0
10,t000083,15,confirmation,1585357038.000000,3,0
10,t000083,16,challenge_understanding,1585357128.000000,3,0
10,t000083,17,help_request,1585357218.000000,3,0
11,t000084,1,request_direction,1581927891.000000,4,0
11,t000084,2,confusion,1581927981.000000,4,0
11,t000084,3,debugging,1581928071.000000,4,0
11,t000084,4,confusion,1581928161.000000,4,0
11,t000084,5,course_platform,1581928251.000000,4,0
11,t000084,6,confirmation,1581928341.000000,4,0
11,t000084,7,request_direction,1581928431.000000,4,0
11,t000084,8,code_generation,1581928521.000000,4,0
11,t000084,9,non_sequitur,1581928611.000000,4,0
11,t000084,10,vague_request,1581928701.000000,4,0
11,t000084,11,course_platform,1581928791.000000,4,0
11,t000084,12,concept_guidance_procedural,1581928881.000000,4,0
11,t000084,13,confusion,1581928971.000000,4,0
11,t000084,14,course_platform,1581929061.000000,4,0
11,t000084,15,observations,1581929151.000000,4,0
11,t000085,1,social_turn,1581846984.000000,9,0
11,t000085,2,help_request,1581847074.000000,9,0
11,t000085,3,request_direction,1581847164.000000,9,0
11,t000085,4,request_direction,1581847254.000000,9,0
11,t000085,5,vague_request,1581847344.000000,9,0
11,t000085,6,concept_guidance_non_procedural,1581847434.000000,9,0
11,t000085,7,course_platform,1581847524.000000,9,0
11,t000085,8,vague_request,1581847614.000000,9,0
11,t000085,9,confirmation,1581847704.000000,9,0
11,t000085,10,confirmation,1581847794.000000,9,0
11,t000085,11,pasted_context_dump,1581847884.000000,9,0
11,t000085,12,pasted_context_dump,1581847974.000000,9,0
11,t000085,13,observations,1581848064.000000,9,0
11,t000085,14,social_turn,1581848154.000000,9,0
11,t000085,15,request_direction,1581848244.000000,9,0
11,t000085,16,concept_guidance_procedural,1581848334.000000,9,0
11,t000085,17,non_sequitur,1581848424.000000,9,0
11,t000085,18,concept_guidance_procedural,1581848514.000000,9,0
11,t000085,19,non_sequitur,1581848604.000000,9,0
11,t000086,1,concept_guidance_non_procedural,1583123109.000000,4,0
11,t000086,2,direct_solution,1583123199.000000,4,0
11,t000086,3,concept_guidance_procedural,1583123289.000000,4,0
11,t000086,4,challenge_understanding,1583123379.000000,4,0
11,t000086,5,confirmation,1583123469.000000,4,0
11,t000086,6,observations,1583123559.000000,4,0
11,t000086,7,help_request,1583123649.000000,4,0
11,t000086,8,code_generation,1583123739.000000,4,0
11,t000086,9,confirmation,1583123829.000000,4,0
11,t000086,10,code_generation,1583123919.000000,4,0
11,t000086,11,help_request,1583124009.000000,4,0
11,t000086,12,pasted_context_dump,1583124099.000000,4,0
11,t000086,13,pasted_context_dump,1583124189.000000,4,0
11,t000086,14,confusion,1583124279.000000,4,0
11,t000086,15,help_request,1583124369.000000,4,0
11,t000087,1,confirmation,1580107851.000000,9,0
11,t000087,2,confusion,1580107941.000000,9,0
11,t000087,3,confirmation,1580108031.000000,9,0
11,t000087,4,debugging,1580108121.000000,9,0
11,t000087,5,debugging,1580108211.000000,9,0
11,t000087,6,vague_request,1580108301.000000,9,0
11,t000087,7,confirmation,1580108391.000000,9,0
11,t000087,8,course_platform,1580108481.000000,9,0
11,t000087,9,help_request,1580108571.000000,9,0
11,t000088,1,concept_guidance_procedural,1585834438.000000,1,1
11,t000088,2,request_direction,1585834528.000000,1,1
11,t000088,3,vague_request,1585834618.000000,1,1
11,t000088,4,social_turn,1585834708.000000,1,1
11,t000088,5,debugging,1585834798.000000,1,1
11,t000088,6,pasted_context_dump,1585834888.000000,1,1
11,t000088,7,debugging,1585834978.000000,1,1
11,t000088,8,direct_solution,1585835068.000000,1,1
11,t000088,9,concept_guidance_procedural,1585835158.000000,1,1
11,t000088,10,challenge_understanding,1585835248.000000,1,1
11,t000088,11,vague_request,1585835338.000000,1,1
11,t000088,12,pasted_context_dump,1585835428.000000,1,1
11,t000088,13,non_sequitur,1585835518.000000,1,1
11,t000088,14,non_sequitur,1585835608.000000,1,1
11,t000088,15,concept_guidance_non_procedural,1585835698.000000,1,1
11,t000089,1,non_sequitur,1583349455.000000,9,1
11,t000089,2,observations,1583349545.000000,9,1
11,t000089,3,confusion,1583349635.000000,9,1
11,t000089,4,vague_request,1583349725.000000,9,1
11,t000089,5,direct_solution,1583349815.000000,9,1
11,t000089,6,debugging,1583349905.000000,9,1
11,t000089,7,vague_request,1583349995.000000,9,1
11,t000089,8,help_request,1583350085.000000,9,1
11,t000089,9,debugging,1583350175.000000,9,1
11,t000089,10,social_turn,1583350265.000000,9,1
11,t000089,11,confirmation,1583350355.000000,9,1
11,t000089,12,concept_guidance_non_procedural,1583350445.000000,9,1
11,t000089,13,confirmation,1583350535.000000,9,1
11,t000089,14,code_generation,1583350625.000000,9,1
11,t000089,15,debugging,1583350715.000000,9,1
11,t000089,16,code_generation,1583350805.000000,9,1
11,t000089,17,confirmation,1583350895.000000,9,1
11,t000089,18,concept_guidance_non_procedural,1583350985.000000,9,1
12,t000090,1,vague_request,1584169334.000000,6,1
12,t000090,2,confusion,1584169424.000000,6,1
12,t000090,3,request_direction,1584169514.000000,6,1
12,t000090,4,request_direction,1584169604.000000,6,1
12,t000090,5,pasted_context_dump,1584169694.000000,6,1
12,t000090,6,pasted_context_dump,1584169784.000000,6,1
12,t000090,7,course_platform,1584169874.000000,6,1
12,t000090,8,code_generation,1584169964.000000,6,1
12,t000090,9,confusion,1584170054.000000,6,1
12,t000090,10,concept_guidance_non_procedural,1584170144.000000,6,1
12,t000090,11,confirmation,1584170234.000000,6,1
12,t000090,12,challenge_understanding,1584170324.000000,6,1
12,t000090,13,challenge_understanding,1584170414.000000,6,1
12,t000090,14,social_turn,1584170504.000000,6,1
12,t000090,15,non_sequitur,1584170594.000000,6,1
12,t000090,16,non_sequitur,1584170684.000000,6,1
12,t000090,17,code_generation,1584170774.000000,6,1
12,t000090,18,concept_guidance_procedural,1584170864.000000,6,1
12,t000090,19,help_request,1584170954.000000,6,1
12,t000090,20,observations,1584171044.000000,6,1
12,t000090,21,code_generation,1584171134.000000,6,1
12,t000090,22,pasted_context_dump,1584171224.000000,6,1
12,t000091,1,request_direction,1579597565.000000,8,1
12,t000091,2,debugging,1579597655.000000,8,1
12,t000091,3,concept_guidance_procedural,1579597745.000000,8,1
12,t000092,1,social_turn,1582962351.000000,1,1
12,t000092,2,confirmation,1582962441.000000,1,1
12,t000092,3,course_platform,1582962531.000000,1,1
12,t000092,4,concept_guidance_non_procedural,1582962621.000000,1,1
12,t000092,5,help_request,1582962711.000000,1,1
12,t000092,6,help_request,1582962801.000000,1,1
12,t000092,7,debugging,1582962891.000000,1,1
12,t000092,8,confirmation,1582962981.000000,1,1
12,t000092,9,social_turn,1582963071.000000,1,1
12,t000092,10,confusion,1582963161.000000,1,1
12,t000092,11,challenge_understanding,1582963251.000000,1,1
12,t000092,12,pasted_context_dump,1582963341.000000,1,1
12,t000093,1,course_platform,1578225362.000000,6,0
12,t000093,2,social_turn,1578225452.000000,6,0
12,t000093,3,help_request,1578225542.000000,6,0
12,t000093,4,direct_solution,1578225632.000000,6,0
12,t000093,5,code_generation,1578225722.000000,6,0
12,t000093,6,concept_guidance_procedural,1578225812.000000,6,0
12,t000093,7,challenge_understanding,1578225902.000000,6,0
12,t000093,8,observations,1578225992.000000,6,0
12,t000093,9,debugging,1578226082.000000,6,0
12,t000093,10,social_turn,1578226172.000000,6,0
12,t000093,11,code_generation,1578226262.000000,6,0
12,t000093,12,code_generation,1578226352.000000,6,0
12,t000093,13,non_sequitur,1578226442.000000,6,0
12,t000093,14,challenge_understanding,1578226532.000000,6,0
12,t000093,15,non_sequitur,1578226622.000000,6,0
12,t000093,16,social_turn,1578226712.000000,6,0
12,t000093,17,confirmation,1578226802.000000,6,0
12,t000093,18,pasted_context_dump,1578226892.000000,6,0
12,t000093,19,debugging,1578226982.000000,6,0
12,t000093,20,vague_request,1578227072.000000,6,0
12,t000094,1,help_request,1579409072.000000,9,0
12,t000094,2,social_turn,1579409162.000000,9,0
12,t000094,3,concept_guidance_non_procedural,1579409252.000000,9,0
12,t000094,4,observations,1579409342.000000,9,0
12,t000094,5,direct_solution,1579409432.000000,9,0
12,t000095,1,social_turn,1584854453.000000,7,1
12,t000095,2,concept_guidance_procedural,1584854543.000000,7,1
12,t000095,3,confirmation,1584854633.000000,7,1
13,t000096,1,direct_solution,1578467901.000000,1,0
13,t000096,2,code_generation,1578467991.000000,1,0
13,t000096,3,concept_guidance_procedural,1578468081.000000,1,0
13,t000096,4,challenge_understanding,1578468171.000000,1,0
13,t000096,5,direct_solution,1578468261.000000,1,0
13,t000096,6,request_direction,1578468351.000000,1,0
13,t000096,7,observations,1578468441.000000,1,0
13,t000096,8,concept_guidance_procedural,1578468531.000000,1,0
13,t000096,9,pasted_context_dump,1578468621.000000,1,0
13,t000096,10,observations,1578468711.000000,1,0
13,t000096,11,request_direction,1578468801.000000,1,0
13,t000096,12,request_direction,1578468891.000000,1,0
13,t000096,13,concept_guidance_non_procedural,1578468981.000000,1,0
13,t000096,14,non_sequitur,1578469071.000000,1,0
13,t000097,1,observations,1581556007.000000,7,1
13,t000097,2,code_generation,1581556097.000000,7,1
13,t000097,3,confirmation,1581556187.000000,7,1
13,t000097,4,course_platform,1581556277.000000,7,1
13,t000097,5,pasted_context_dump,1581556367.000000,7,1
13,t000097,6,concept_guidance_non_procedural,1581556457.000000,7,1
13,t000097,7,request_direction,1581556547.000000,7,1
13,t000097,8,social_turn,1581556637.000000,7,1
13,t000097,9,confusion,1581556727.000000,7,1
13,t000097,10,concept_guidance_non_procedural,1581556817.000000,7,1
13,t000097,11,code_generation,1581556907.000000,7,1
13,t000097,12,code_generation,1581556997.000000,7,1
13,t000097,13,non_sequitur,1581557087.000000,7,1
13,t000097,14,course_platform,1581557177.000000,7,1
13,t000097,15,help_request,1581557267.000000,7,1
13,t000097,16,debugging,1581557357.000000,7,1
13,t000097,17,social_turn,1581557447.000000,7,1
13,t000097,18,confirmation,1581557537.000000,7,1
13,t000097,19,code_generation,1581557627.000000,7,1
13,t000097,20,non_sequitur,1581557717.000000,7,1
13,t000097,21,confirmation,1581557807.000000,7,1
13,t000098,1,social_turn,1579743331.000000,6,1
13,t000098,2,non_sequitur,1579743421.000000,6,1
13,t000098,3,help_request,1579743511.000000,6,1
13,t000098,4,debugging,1579743601.000000,6,1
13,t000099,1,direct_solution,1580448453.000000,9,0
13,t000099,2,concept_guidance_procedural,1580448543.000000,9,0
13,t000099,3,code_generation,1580448633.000000,9,0
13,t000099,4,social_turn,1580448723.000000,9,0
13,t000099,5,request_direction,1580448813.000000,9,0
13,t000099,6,challenge_understanding,1580448903.000000,9,0
13,t000099,7,code_generation,1580448993.000000,9,0
13,t000099,8,concept_guidance_non_procedural,1580449083.000000,9,0
13,t000099,9,non_sequitur,1580449173.000000,9,0
13,t000099,10,observations,1580449263.000000,9,0
13,t000099,11,pasted_context_dump,1580449353.000000,9,0
13,t000099,12,challenge_understanding,1580449443.000000,9,0
13,t000099,13,request_direction,1580449533.000000,9,0
13,t000099,14,non_sequitur,1580449623.000000,9,0
13,t000099,15,help_request,1580449713.000000,9,0
13,t000099,16,confusion,1580449803.000000,9,0
13,t000099,17,pasted_context_dump,1580449893.000000,9,0
13,t000099,18,social_turn,1580449983.000000,9,0
13,t000099,19,social_turn,1580450073.000000,9,0
13,t000100,1,code_generation,1581416063.000000,8,1
13,t000100,2,confusion,1581416153.000000,8,1
13,t000100,3,confirmation,1581416243.000000,8,1
13,t000100,4,concept_guidance_non_procedural,1581416333.000000,8,1
13,t000101,1,observations,1578171372.000000,1,0
13,t000101,2,observations,1578171462.000000,1,0
13,t000101,3,observations,1578171552.000000,1,0
13,t000101,4,confirmation,1578171642.000000,1,0
13,t000101,5,confirmation,1578171732.000000,1,0
13,t000101,6,vague_request,1578171822.000000,1,0
13,t000101,7,concept_guidance_procedural,1578171912.000000,1,0
13,t000101,8,pasted_context_dump,1578172002.000000,1,0
13,t000101,9,help_request,1578172092.000000,1,0
13,t000101,10,concept_guidance_non_procedural,1578172182.000000,1,0
13,t000101,11,code_generation,1578172272.000000,1,0
13,t000101,12,challenge_understanding,1578172362.000000,1,0
13,t000101,13,concept_guidance_procedural,1578172452.000000,1,0
14,t000102,1,non_sequitur,1577869345.000000,4,1
14,t000102,2,direct_solution,1577869435.000000,4,1
14,t000102,3,concept_guidance_procedural,1577869525.000000,4,1
14,t000102,4,observations,1577869615.000000,4,1
14,t000102,5,debugging,1577869705.000000,4,1
14,t000103,1,direct_solution,1585073744.000000,3,0
14,t000103,2,direct_solution,1585073834.000000,3,0
14,t000103,3,confirmation,1585073924.000000,3,0
14,t000103,4,concept_guidance_non_procedural,1585074014.000000,3,0
14,t000103,5,social_turn,1585074104.000000,3,0
14,t000103,6,help_request,1585074194.000000,3,0
14,t000103,7,non_sequitur,1585074284.000000,3,0
14,t000104,1,pasted_context_dump,1583658691.000000,7,1
14,t000104,2,direct_solution,1583658781.000000,7,1
14,t000104,3,help_request,1583658871.000000,7,1
14,t000104,4,challenge_understanding,1583658961.000000,7,1
14,t000104,5,vague_request,1583659051.000000,7,1
14,t000104,6,course_platform,1583659141.000000,7,1
14,t000104,7,observations,1583659231.000000,7,1
14,t000104,8,challenge_understanding,1583659321.000000,7,1
14,t000104,9,request_direction,1583659411.000000,7,1
14,t000104,10,concept_guidance_non_procedural,1583659501.000000,7,1
14,t000105,1,confirmation,1584200343.000000,2,1
14,t000105,2,confirmation,1584200433.000000,2,1
14,t000105,3,vague_request,1584200523.000000,2,1
14,t000105,4,help_request,1584200613.000000,2,1
14,t000105,5,pasted_context_dump,1584200703.000000,2,1
14,t000105,6,pasted_context_dump,1584200793.000000,2,1
14,t000105,7,challenge_understanding,1584200883.000000,2,1
14,t000105,8,pasted_context_dump,1584200973.000000,2,1
14,t000105,9,social_turn,1584201063.000000,2,1
14,t000105,10,request_direction,1584201153.000000,2,1
14,t000105,11,concept_guidance_non_procedural,1584201243.000000,2,1
14,t000105,12,confusion,1584201333.000000,2,1
14,t000106,1,concept_guidance_non_procedural,1584030223.000000,4,0
14,t000106,2,observations,1584030313.000000,4,0
14,t000106,3,confirmation,1584030403.000000,4,0
14,t000106,4,code_generation,1584030493.000000,4,0
14,t000106,5,help_request,1584030583.000000,4,0
14,t000106,6,code_generation,1584030673.000000,4,0
14,t000106,7,confusion,1584030763.000000,4,0
14,t000106,8,social_turn,1584030853.000000,4,0
14,t000106,9,concept_guidance_procedural,1584030943.000000,4,0
14,t000106,10,direct_solution,1584031033.000000,4,0
14,t000106,11,social_turn,1584031123.000000,4,0
14,t000106,12,pasted_context_dump,1584031213.000000,4,0
14,t000106,13,pasted_context_dump,1584031303.000000,4,0
14,t000106,14,concept_guidance_non_procedural,1584031393.000000,4,0
14,t000106,15,direct_solution,1584031483.000000,4,0
14,t000106,16,concept_guidance_procedural,1584031573.000000,4,0
14,t000106,17,vague_request,1584031663.000000,4,0
14,t000106,18,pasted_context_dump,1584031753.000000,4,0
14,t000106,19,concept_guidance_procedural,1584031843.000000,4,0
14,t000106,20,concept_guidance_non_procedural,1584031933.000000,4,0
14,t000106,21,vague_request,1584032023.000000,4,0
14,t000107,1,direct_solution,1581800042.000000,8,1
14,t000107,2,code_generation,1581800132.000000,8,1
14,t000107,3,concept_guidance_procedural,1581800222.000000,8,1
14,t000107,4,confirmation,1581800312.000000,8,1
14,t000107,5,request_direction,1581800402.000000,8,1
14,t000107,6,pasted_context_dump,1581800492.000000,8,1
14,t000107,7,code_generation,1581800582.000000,8,1
14,t000107,8,concept_guidance_non_procedural,1581800672.000000,8,1
14,t000107,9,vague_request,1581800762.000000,8,1
14,t000107,10,observations,1581800852.000000,8,1
14,t000107,11,observations,1581800942.000000,8,1
14,t000107,12,pasted_context_dump,1581801032.000000,8,1
14,t000107,13,confirmation,1581801122.000000,8,1
14,t000107,14,confusion,1581801212.000000,8,1
14,t000107,15,course_platform,1581801302.000000,8,1
14,t000107,16,code_generation,1581801392.000000,8,1
14,t000107,17,confusion,1581801482.000000,8,1
14,t000107,18,social_turn,1581801572.000000,8,1
14,t000107,19,direct_solution,1581801662.000000,8,1
14,t000107,20,social_turn,1581801752.000000,8,1
14,t000107,21,concept_guidance_non_procedural,1581801842.000000,8,1
14,t000108,1,concept_guidance_non_procedural,1579462073.000000,2,1
14,t000108,2,direct_solution,1579462163.000000,2,1
14,t000108,3,pasted_context_dump,1579462253.000000,2,1
14,t000108,4,observations,1579462343.000000,2,1
14,t000108,5,request_direction,1579462433.000000,2,1
14,t000108,6,direct_solution,1579462523.000000,2,1
14,t000108,7,confirmation,1579462613.000000,2,1
14,t000108,8,confusion,1579462703.000000,2,1
14,t000108,9,request_direction,1579462793.000000,2,1
14,t000108,10,vague_request,1579462883.000000,2,1
14,t000108,11,challenge_understanding,1579462973.000000,2,1
14,t000108,12,concept_guidance_procedural,1579463063.000000,2,1
14,t000108,13,concept_guidance_non_procedural,1579463153.000000,2,1
14,t000108,14,concept_guidance_non_procedural,1579463243.000000,2,1
14,t000108,15,help_request,1579463333.000000,2,1
14,t000108,16,debugging,1579463423.000000,2,1
14,t000108,17,debugging,1579463513.000000,2,1
14,t000108,18,non_sequitur,1579463603.000000,2,1
14,t000108,19,non_sequitur,1579463693.000000,2,1
15,t000109,1,confusion,1582494271.000000,3,0
15,t000109,2,code_generation,1582494361.000000,3,0
15,t000109,3,course_platform,1582494451.000000,3,0
15,t000109,4,observations,1582494541.000000,3,0
15,t000109,5,social_turn,1582494631.000000,3,0
15,t000109,6,code_generation,1582494721.000000,3,0
15,t000109,7,concept_guidance_procedural,1582494811.000000,3,0
15,t000109,8,debugging,1582494901.000000,3,0
15,t000109,9,observations,1582494991.000000,3,0
15,t000109,10,confirmation,1582495081.000000,3,0
15,t000110,1,vague_request,1585636727.000000,3,0
15,t000110,2,vague_request,1585636817.000000,3,0
15,t000110,3,vague_request,1585636907.000000,3,0
15,t000110,4,social_turn,1585636997.000000,3,0
15,t000110,5,confirmation,1585637087.000000,3,0
15,t000110,6,concept_guidance_procedural,1585637177.000000,3,0
15,t000110,7,confirmation,1585637267.000000,3,0
15,t000110,8,confusion,1585637357.000000,3,0
15,t000111,1,confusion,1579718886.000000,1,0
15,t000111,2,debugging,1579718976.000000,1,0
15,t000111,3,confirmation,1579719066.000000,1,0
15,t000111,4,observations,1579719156.000000,1,0
15,t000111,5,help_request,1579719246.000000,1,0
15,t000111,6,observations,1579719336.000000,1,0
15,t000112,1,course_platform,1580433908.000000,4,1
15,t000112,2,request_direction,1580433998.000000,4,1
15,t000112,3,observations,1580434088.000000,4,1
15,t000113,1,challenge_understanding,1584999315.000000,5,0
15,t000113,2,code_generation,1584999405.000000,5,0
15,t000113,3,debugging,1584999495.000000,5,0
15,t000113,4,vague_request,1584999585.000000,5,0
15,t000113,5,social_turn,1584999675.000000,5,0
15,t000114,1,request_direction,1578128666.000000,9,1
15,t000114,2,confirmation,1578128756.000000,9,1
15,t000114,3,help_request,1578128846.000000,9,1
15,t000114,4,concept_guidance_non_procedural,1578128936.000000,9,1
15,t000115,1,code_generation,1579377089.000000,9,1
15,t000115,2,help_request,1579377179.000000,9,1
15,t000115,3,course_platform,1579377269.000000,9,1
15,t000115,4,course_platform,1579377359.000000,9,1
15,t000115,5,request_direction,1579377449.000000,9,1
15,t000115,6,vague_request,1579377539.000000,9,1
15,t000115,7,course_platform,1579377629.000000,9,1
15,t000115,8,pasted_context_dump,1579377719.000000,9,1
15,t000115,9,help_request,1579377809.000000,9,1
15,t000115,10,course_platform,1579377899.000000,9,1
15,t000115,11,challenge_understanding,1579377989.000000,9,1
15,t000115,12,challenge_understanding,1579378079.000000,9,1
15,t000115,13,direct_solution,1579378169.000000,9,1
15,t000115,14,confusion,1579378259.000000,9,1
15,t000115,15,request_direction,1579378349.000000,9,1
15,t000115,16,concept_guidance_procedural,1579378439.000000,9,1
15,t000115,17,help_request,1579378529.000000,9,1
15,t000115,18,pasted_context_dump,1579378619.000000,9,1
15,t000115,19,help_request,1579378709.000000,9,1
15,t000115,20,pasted_context_dump,1579378799.000000,9,1
15,t000115,21,code_generation,1579378889.000000,9,1
15,t000116,1,non_sequitur,1580106864.000000,2,0
15,t000116,2,debugging,1580106954.000000,2,0
15,t000116,3,pasted_context_dump,1580107044.000000,2,0
15,t000116,4,challenge_understanding,1580107134.000000,2,0
15,t000116,5,social_turn,1580107224.000000,2,0
15,t000116,6,code_generation,1580107314.000000,2,0
15,t000116,7,debugging,1580107404.000000,2,0
15,t000116,8,course_platform,1580107494.000000,2,0
15,t000116,9,concept_guidance_procedural,1580107584.000000,2,0
15,t000116,10,confirmation,1580107674.000000,2,0
15,t000116,11,vague_request,1580107764.000000,2,0
15,t000116,12,concept_guidance_non_procedural,1580107854.000000,2,0
15,t000116,13,observations,1580107944.000000,2,0
15,t000116,14,help_request,1580108034.000000,2,0
15,t000117,1,confusion,1583027857.000000,6,0
15,t000117,2,pasted_context_dump,1583027947.000000,6,0
15,t000117,3,debugging,1583028037.000000,6,0
15,t000117,4,vague_request,1583028127.000000,6,0
15,t000117,5,pasted_context_dump,1583028217.000000,6,0
15,t000117,6,debugging,1583028307.000000,6,0
15,t000117,7,concept_guidance_non_procedural,1583028397.000000,6,0
16,t000118,1,vague_request,1578847938.000000,4,0
16,t000118,2,help_request,1578848028.000000,4,0
16,t000118,3,course_platform,1578848118.000000,4,0
16,t000119,1,vague_request,1578302583.000000,9,1
16,t000119,2,direct_solution,1578302673.000000,9,1
16,t000119,3,non_sequitur,1578302763.000000,9,1
16,t000119,4,confusion,1578302853.000000,9,1
16,t000119,5,confusion,1578302943.000000,9,1
16,t000119,6,request_direction,1578303033.000000,9,1
16,t000119,7,direct_solution,1578303123.000000,9,1
16,t000119,8,confusion,1578303213.000000,9,1
16,t000119,9,request_direction,1578303303.000000,9,1
16,t000119,10,social_turn,1578303393.000000,9,1
16,t000119,11,pasted_context_dump,1578303483.000000,9,1
16,t000120,1,challenge_understanding,1579526248.000000,6,1
16,t000120,2,observations,1579526338.000000,6,1
16,t000120,3,direct_solution,1579526428.000000,6,1
16,t000120,4,non_sequitur,1579526518.000000,6,1
16,t000120,5,request_direction,1579526608.000000,6,1
16,t000120,6,social_turn,1579526698.000000,6,1
16,t000120,7,confusion,1579526788.000000,6,1
16,t000120,8,concept_guidance_procedural,1579526878.000000,6,1
16,t000120,9,confusion,1579526968.000000,6,1
16,t000120,10,confusion,1579527058.000000,6,1
16,t000120,11,pasted_context_dump,1579527148.000000,6,1
16,t000121,1,confusion,1578995503.000000,5,1
16,t000121,2,pasted_context_dump,1578995593.000000,5,1
16,t000121,3,confusion,1578995683.000000,5,1
16,t000122,1,debugging,1578095560.000000,6,0
16,t000122,2,observations,1578095650.000000,6,0
16,t000122,3,challenge_understanding,1578095740.000000,6,0
16,t000122,4,confusion,1578095830.000000,6,0
16,t000122,5,observations,1578095920.000000,6,0
16,t000122,6,vague_request,1578096010.000000,6,0
16,t000122,7,help_request,1578096100.000000,6,0
16,t000122,8,vague_request,1578096190.000000,6,0
16,t000122,9,challenge_understanding,1578096280.000000,6,0
16,t000122,10,concept_guidance_procedural,1578096370.000000,6,0
16,t000122,11,observations,1578096460.000000,6,0
16,t000122,12,request_direction,1578096550.000000,6,0
16,t000123,1,challenge_understanding,1585767908.000000,9,1
16,t000123,2,debugging,1585767998.000000,9,1
16,t000123,3,vague_request,1585768088.000000,9,1
16,t000123,4,observations,1585768178.000000,9,1
16,t000123,5,direct_solution,1585768268.000000,9,1
16,t000123,6,code_generation,1585768358.000000,9,1
16,t000123,7,debugging,1585768448.000000,9,1
16,t000123,8,direct_solution,1585768538.000000,9,1
16,t000123,9,help_request,1585768628.000000,9,1
16,t000123,10,non_sequitur,1585768718.000000,9,1
16,t000123,11,pasted_context_dump,1585768808.000000,9,1
16,t000123,12,pasted_context_dump,1585768898.000000,9,1
16,t000123,13,non_sequitur,1585768988.000000,9,1
16,t000123,14,direct_solution,1585769078.000000,9,1
16,t000123,15,confirmation,1585769168.000000,9,1
16,t000123,16,challenge_understanding,1585769258.000000,9,1
16,t000123,17,vague_request,1585769348.000000,9,1
16,t000123,18,confusion,1585769438.000000,9,1
16,t000123,19,observations,1585769528.000000,9,1
16,t000123,20,concept_guidance_non_procedural,1585769618.000000,9,1
16,t000123,21,confusion,1585769708.000000,9,1
16,t000123,22,confusion,1585769798.000000,9,1
16,t000124,1,vague_request,1585706815.000000,5,0
16,t000124,2,pasted_context_dump,1585706905.000000,5,0
16,t000124,3,concept_guidance_non_procedural,1585706995.000000,5,0
16,t000124,4,social_turn,1585707085.000000,5,0
16,t000124,5,debugging,1585707175.000000,5,0
16,t000124,6,request_direction,1585707265.000000,5,0
16,t000124,7,social_turn,1585707355.000000,5,0
16,t000124,8,direct_solution,1585707445.000000,5,0
16,t000124,9,observations,1585707535.000000,5,0
16,t000124,10,confusion,1585707625.000000,5,0
16,t000124,11,debugging,1585707715.000000,5,0
16,t000124,12,debugging,1585707805.000000,5,0
16,t000124,13,non_sequitur,1585707895.000000,5,0
16,t000124,14,debugging,1585707985.000000,5,0
16,t000124,15,confirmation,1585708075.000000,5,0
16,t000124,16,confusion,1585708165.000000,5,0
16,t000124,17,observations,1585708255.000000,5,0
16,t000124,18,pasted_context_dump,1585708345.000000,5,0
16,t000124,19,pasted_context_dump,1585708435.000000,5,0
16,t000125,1,social_turn,1580226438.000000,1,0
16,t000125,2,course_platform,1580226528.000000,1,0
16,t000125,3,code_generation,1580226618.000000,1,0
16,t000125,4,direct_solution,1580226708.000000,1,0
16,t000125,5,concept_guidance_non_procedural,1580226798.000000,1,0
16,t000125,6,social_turn,1580226888.000000,1,0
16,t000125,7,observations,1580226978.000000,1,0
16,t000125,8,non_sequitur,1580227068.000000,1,0
16,t000125,9,challenge_understanding,1580227158.000000,1,0
16,t000125,10,direct_solution,1580227248.000000,1,0
16,t000125,11,social_turn,1580227338.000000,1,0
16,t000125,12,course_platform,1580227428.000000,1,0
16,t000126,1,debugging,1578234536.000000,8,1
16,t000126,2,code_generation,1578234626.000000,8,1
16,t000126,3,debugging,1578234716.000000,8,1
16,t000126,4,vague_request,1578234806.000000,8,1
16,t000126,5,non_sequitur,1578234896.000000,8,1
16,t000126,6,code_generation,1578234986.000000,8,1
16,t000126,7,pasted_context_dump,1578235076.000000,8,1
16,t000126,8,vague_request,1578235166.000000,8,1
16,t000126,9,confirmation,1578235256.000000,8,1
16,t000126,10,non_sequitur,1578235346.000000,8,1
16,t000126,11,observations,1578235436.000000,8,1
16,t000126,12,confirmation,1578235526.000000,8,1
16,t000126,13,confirmation,1578235616.000000,8,1
16,t000126,14,concept_guidance_procedural,1578235706.000000,8,1
16,t000126,15,vague_request,1578235796.000000,8,1
16,t000127,1,course_platform,1580911215.000000,6,0
16,t000127,2,observations,1580911305.000000,6,0
16,t000127,3,help_request,1580911395.000000,6,0
16,t000127,4,challenge_understanding,1580911485.000000,6,0
16,t000127,5,course_platform,1580911575.000000,6,0
16,t000127,6,non_sequitur,1580911665.000000,6,0
16,t000127,7,direct_solution,1580911755.000000,6,0
16,t000127,8,direct_solution,1580911845.000000,6,0
16,t000127,9,course_platform,1580911935.000000,6,0
16,t000127,10,confirmation,1580912025.000000,6,0
16,t000127,11,direct_solution,1580912115.000000,6,0
16,t000127,12,debugging,1580912205.000000,6,0
16,t000127,13,direct_solution,1580912295.000000,6,0
16,t000127,14,observations,1580912385.000000,6,0
16,t000127,15,confirmation,1580912475.000000,6,0
16,t000127,16,confirmation,1580912565.000000,6,0
16,t000127,17,pasted_context_dump,1580912655.000000,6,0
16,t000127,18,concept_guidance_procedural,1580912745.000000,6,0
16,t000127,19,non_sequitur,1580912835.000000,6,0
16,t000127,20,code_generation,1580912925.000000,6,0
16,t000127,21,pasted_context_dump,1580913015.000000,6,0
16,t000127,22,direct_solution,1580913105.000000,6,0
17,t000128,1,social_turn,1584033198.000000,9,0
17,t000128,2,direct_solution,1584033288.000000,9,0
17,t000128,3,confirmation,1584033378.000000,9,0
17,t000128,4,social_turn,1584033468.000000,9,0
17,t000128,5,confusion,1584033558.000000,9,0
17,t000128,6,course_platform,1584033648.000000,9,0
17,t000128,7,course_platform,1584033738.000000,9,0
17,t000128,8,pasted_context_dump,1584033828.000000,9,0
17,t000128,9,concept_guidance_non_procedural,1584033918.000000,9,0
17,t000128,10,pasted_context_dump,1584034008.000000,9,0
17,t000128,11,debugging,1584034098.000000,9,0
17,t000128,12,request_direction,1584034188.000000,9,0
17,t000128,13,challenge_understanding,1584034278.000000,9,0
17,t000128,14,concept_guidance_non_procedural,1584034368.000000,9,0
17,t000129,1,concept_guidance_procedural,1584711971.000000,2,0
17,t000129,2,confusion,1584712061.000000,2,0
17,t000129,3,help_request,1584712151.000000,2,0
17,t000129,4,non_sequitur,1584712241.000000,2,0
17,t000129,5,concept_guidance_non_procedural,1584712331.000000,2,0
17,t000129,6,debugging,1584712421.000000,2,0
17,t000129,7,direct_solution,1584712511.000000,2,0
17,t000129,8,observations,1584712601.000000,2,0
17,t000129,9,non_sequitur,1584712691.000000,2,0
17,t000129,10,social_turn,1584712781.000000,2,0
17,t000129,11,non_sequitur,1584712871.000000,2,0
17,t000129,12,pasted_context_dump,1584712961.000000,2,0
17,t000129,13,vague_request,1584713051.000000,2,0
17,t000129,14,course_platform,1584713141.000000,2,0
17,t000129,15,direct_solution,1584713231.000000,2,0
17,t000129,16,code_generation,1584713321.000000,2,0
17,t000130,1,confirmation,1583989495.000000,7,1
17,t000130,2,social_turn,1583989585.000000,7,1
17,t000130,3,request_direction,1583989675.000000,7,1
17,t000130,4,confirmation,1583989765.000000,7,1
17,t000130,5,help_request,1583989855.000000,7,1
17,t000130,6,request_direction,1583989945.000000,7,1
17,t000130,7,debugging,1583990035.000000,7,1
17,t000130,8,confusion,1583990125.000000,7,1
17,t000130,9,request_direction,1583990215.000000,7,1
17,t000130,10,vague_request,1583990305.000000,7,1
17,t000130,11,confirmation,1583990395.000000,7,1
17,t000130,12,concept_guidance_procedural,1583990485.000000,7,1
17,t000130,13,code_generation,1583990575.000000,7,1
17,t000130,14,pasted_context_dump,1583990665.000000,7,1
17,t000130,15,non_sequitur,1583990755.000000,7,1
17,t000130,16,direct_solution,1583990845.000000,7,1
17,t000130,17,non_sequitur,1583990935.000000,7,1
17,t000130,18,confusion,1583991025.000000,7,1
17,t000130,19,vague_request,1583991115.000000,7,1
17,t000131,1,direct_solution,1579311956.000000,9,1
17,t000131,2,confusion,1579312046.000000,9,1
17,t000131,3,pasted_context_dump,1579312136.000000,9,1
17,t000131,4,confirmation,1579312226.000000,9,1
17,t000131,5,challenge_understanding,1579312316.000000,9,1
17,t000131,6,vague_request,1579312406.000000,9,1
17,t000131,7,pasted_context_dump,1579312496.000000,9,1
17,t000131,8,debugging,1579312586.000000,9,1
17,t000132,1,social_turn,1581382861.000000,7,1
17,t000132,2,pasted_context_dump,1581382951.000000,7,1
17,t000132,3,confusion,1581383041.000000,7,1
17,t000132,4,confirmation,1581383131.000000,7,1
17,t000132,5,vague_request,1581383221.000000,7,1
17,t000132,6,confirmation,1581383311.000000,7,1
17,t000132,7,social_turn,1581383401.000000,7,1
17,t000132,8,help_request,1581383491.000000,7,1
17,t000132,9,vague_request,1581383581.000000,7,1
17,t000132,10,social_turn,1581383671.000000,7,1
17,t000132,11,debugging,1581383761.000000,7,1
17,t000132,12,direct_solution,1581383851.000000,7,1
17,t000132,13,request_direction,1581383941.000000,7,1
17,t000132,14,request_direction,1581384031.000000,7,1
17,t000132,15,confusion,1581384121.000000,7,1
17,t000132,16,vague_request,1581384211.000000,7,1
17,t000132,17,concept_guidance_non_procedural,1581384301.000000,7,1
17,t000132,18,confirmation,1581384391.000000,7,1
17,t000132,19,request_direction,1581384481.000000,7,1
17,t000132,20,challenge_understanding,1581384571.000000,7,1
17,t000132,21,confusion,1581384661.000000,7,1
17,t000133,1,confusion,1578007439.000000,3,1
17,t000133,2,request_direction,1578007529.000000,3,1
17,t000133,3,vague_request,1578007619.000000,3,1
17,t000133,4,non_sequitur,1578007709.000000,3,1
17,t000133,5,challenge_understanding,1578007799.000000,3,1
17,t000133,6,challenge_understanding,1578007889.000000,3,1
17,t000133,7,help_request,1578007979.000000,3,1
17,t000133,8,observations,1578008069.000000,3,1
17,t000133,9,non_sequitur,1578008159.000000,3,1
17,t000133,10,confirmation,1578008249.000000,3,1
17,t000133,11,code_generation,1578008339.000000,3,1
17,t000133,12,code_generation,1578008429.000000,3,1
17,t000133,13,help_request,1578008519.000000,3,1
17,t000133,14,debugging,1578008609.000000,3,1
17,t000133,15,observations,1578008699.000000,3,1
17,t000133,16,vague_request,1578008789.000000,3,1
17,t000133,17,confirmation,1578008879.000000,3,1
17,t000133,18,vague_request,1578008969.000000,3,1
17,t000133,19,request_direction,1578009059.000000,3,1
17,t000133,20,concept_guidance_procedural,1578009149.000000,3,1
17,t000134,1,observations,1584992530.000000,7,0
17,t000134,2,code_generation,1584992620.000000,7,0
17,t000134,3,social_turn,1584992710.000000,7,0
17,t000134,4,social_turn,1584992800.000000,7,0
17,t000134,5,confirmation,1584992890.000000,7,0
17,t000134,6,confirmation,1584992980.000000,7,0
17,t000134,7,confusion,1584993070.000000,7,0
17,t000134,8,confusion,1584993160.000000,7,0
17,t000134,9,help_request,1584993250.000000,7,0
17,t000134,10,help_request,1584993340.000000,7,0
17,t000134,11,help_request,1584993430.000000,7,0
17,t000134,12,concept_guidance_non_procedural,1584993520.000000,7,0
17,t000134,13,debugging,1584993610.000000,7,0
17,t000134,14,vague_request,1584993700.000000,7,0
17,t000135,1,concept_guidance_procedural,1578856174.000000,5,1
17,t000135,2,concept_guidance_procedural,1578856264.000000,5,1
17,t000135,3,social_turn,1578856354.000000,5,1
17,t000135,4,social_turn,1578856444.000000,5,1
17,t000136,1,code_generation,1578942365.000000,5,1
17,t000136,2,pasted_context_dump,1578942455.000000,5,1
17,t000136,3,debugging,1578942545.000000,5,1
17,t000136,4,debugging,1578942635.000000,5,1
17,t000136,5,confusion,1578942725.000000,5,1
17,t000136,6,request_direction,1578942815.000000,5,1
17,t000137,1,help_request,1581526308.000000,5,0
17,t000137,2,social_turn,1581526398.000000,5,0
17,t000137,3,debugging,1581526488.000000,5,0
17,t000137,4,confirmation,1581526578.000000,5,0
17,t000137,5,code_generation,1581526668.000000,5,0
17,t000137,6,challenge_understanding,1581526758.000000,5,0
17,t000137,7,course_platform,1581526848.000000,5,0
17,t000137,8,pasted_context_dump,1581526938.000000,5,0
17,t000137,9,confusion,1581527028.000000,5,0
17,t000137,10,challenge_understanding,1581527118.000000,5,0
17,t000137,11,course_platform,1581527208.000000,5,0
17,t000137,12,confusion,1581527298.000000,5,0
17,t000137,13,social_turn,1581527388.000000,5,0
17,t000137,14,challenge_understanding,1581527478.000000,5,0
17,t000137,15,confirmation,1581527568.000000,5,0
17,t000137,16,vague_request,1581527658.000000,5,0
17,t000137,17,confusion,1581527748.000000,5,0
17,t000137,18,pasted_context_dump,1581527838.000000,5,0
18,t000138,1,concept_guidance_non_procedural,1581108739.000000,3,0
18,t000138,2,challenge_understanding,1581108829.000000,3,0
18,t000138,3,social_turn,1581108919.000000,3,0
18,t000138,4,pasted_context_dump,1581109009.000000,3,0
18,t000138,5,non_sequitur,1581109099.000000,3,0
18,t000138,6,course_platform,1581109189.000000,3,0
18,t000138,7,concept_guidance_non_procedural,1581109279.000000,3,0
18,t000138,8,observations,1581109369.000000,3,0
18,t000138,9,vague_request,1581109459.000000,3,0
18,t000138,10,concept_guidance_procedural,1581109549.000000,3,0
18,t000138,11,vague_request,1581109639.000000,3,0
18,t000138,12,confusion,1581109729.000000,3,0
18,t000138,13,vague_request,1581109819.000000,3,0
18,t000138,14,confusion,1581109909.000000,3,0
18,t000138,15,debugging,1581109999.000000,3,0
18,t000138,16,course_platform,1581110089.000000,3,0
18,t000138,17,concept_guidance_non_procedural,1581110179.000000,3,0
18,t000138,18,social_turn,1581110269.000000,3,0
18,t000138,19,request_direction,1581110359.000000,3,0
18,t000138,20,concept_guidance_procedural,1581110449.000000,3,0
18,t000138,21,code_generation,1581110539.000000,3,0
18,t000139,1,vague_request,1581756285.000000,7,0
18,t000139,2,challenge_understanding,1581756375.000000,7,0
18,t000139,3,vague_request,1581756465.000000,7,0
18,t000139,4,confusion,1581756555.000000,7,0
18,t000139,5,confusion,1581756645.000000,7,0
18,t000139,6,observations,1581756735.000000,7,0
18,t000139,7,debugging,1581756825.000000,7,0
18,t000139,8,help_request,1581756915.000000,7,0
18,t000139,9,code_generation,1581757005.000000,7,0
18,t000139,10,request_direction,1581757095.000000,7,0
18,t000139,11,concept_guidance_procedural,1581757185.000000,7,0
18,t000139,12,pasted_context_dump,1581757275.000000,7,0
18,t000139,13,social_turn,1581757365.000000,7,0
18,t000140,1,confirmation,1585259082.000000,2,0
18,t000140,2,observations,1585259172.000000,2,0
18,t000140,3,observations,1585259262.000000,2,0
18,t000140,4,direct_solution,1585259352.000000,2,0
18,t000140,5,social_turn,1585259442.000000,2,0
18,t000140,6,direct_solution,1585259532.000000,2,0
18,t000140,7,confusion,1585259622.000000,2,0
18,t000140,8,social_turn,1585259712.000000,2,0
18,t000140,9,course_platform,1585259802.000000,2,0
18,t000140,10,concept_guidance_procedural,1585259892.000000,2,0
18,t000140,11,request_direction,1585259982.000000,2,0
18,t000140,12,pasted_context_dump,1585260072.000000,2,0
18,t000140,13,direct_solution,1585260162.000000,2,0
18,t000140,14,confirmation,1585260252.000000,2,0
18,t000140,15,code_generation,1585260342.000000,2,0
18,t000140,16,observations,1585260432.000000,2,0
18,t000140,17,vague_request,1585260522.000000,2,0
18,t000140,18,confirmation,1585260612.000000,2,0
18,t000141,1,social_turn,1585154503.000000,7,1
18,t000141,2,help_request,1585154593.000000,7,1
18,t000141,3,confusion,1585154683.000000,7,1
18,t000141,4,request_direction,1585154773.000000,7,1
18,t000141,5,concept_guidance_procedural,1585154863.000000,7,1
18,t000141,6,confirmation,1585154953.000000,7,1
18,t000141,7,vague_request,1585155043.000000,7,1
18,t000141,8,course_platform,1585155133.000000,7,1
18,t000141,9,non_sequitur,1585155223.000000,7,1
18,t000141,10,help_request,1585155313.000000,7,1
18,t000141,11,concept_guidance_non_procedural,1585155403.000000,7,1
18,t000141,12,debugging,1585155493.000000,7,1
18,t000141,13,course_platform,1585155583.000000,7,1
18,t000141,14,social_turn,1585155673.000000,7,1
18,t000141,15,challenge_understanding,1585155763.000000,7,1
18,t000141,16,concept_guidance_procedural,1585155853.000000,7,1
18,t000141,17,code_generation,1585155943.000000,7,1
18,t000141,18,code_generation,1585156033.000000,7,1
18,t000142,1,concept_guidance_non_procedural,1583363156.000000,9,0
18,t000142,2,concept_guidance_non_procedural,1583363246.000000,9,0
18,t000142,3,code_generation,1583363336.000000,9,0
18,t000142,4,request_direction,1583363426.000000,9,0
18,t000142,5,request_direction,1583363516.000000,9,0
18,t000142,6,concept_guidance_non_procedural,1583363606.000000,9,0
18,t000142,7,course_platform,1583363696.000000,9,0
18,t000142,8,social_turn,1583363786.000000,9,0
18,t000142,9,direct_solution,1583363876.000000,9,0
18,t000142,10,concept_guidance_non_procedural,1583363966.000000,9,0
18,t000142,11,direct_solution,1583364056.000000,9,0
18,t000142,12,confusion,1583364146.000000,9,0
18,t000142,13,concept_guidance_non_procedural,1583364236.000000,9,0
18,t000142,14,vague_request,1583364326.000000,9,0
18,t000142,15,concept_guidance_non_procedural,1583364416.000000,9,0
18,t000143,1,code_generation,1583224982.000000,2,1
18,t000143,2,code_generation,1583225072.000000,2,1
18,t000143,3,course_platform,1583225162.000000,2,1
18,t000143,4,non_sequitur,1583225252.000000,2,1
18,t000143,5,pasted_context_dump,1583225342.000000,2,1
18,t000143,6,help_request,1583225432.000000,2,1
18,t000143,7,concept_guidance_procedural,1583225522.000000,2,1
18,t000143,8,observations,1583225612.000000,2,1
18,t000143,9,social_turn,1583225702.000000,2,1
18,t000143,10,debugging,1583225792.000000,2,1
18,t000143,11,vague_request,1583225882.000000,2,1
19,t000144,1,help_request,1582131663.000000,9,1
19,t000144,2,debugging,1582131753.000000,9,1
19,t000144,3,challenge_understanding,1582131843.000000,9,1
19,t000144,4,vague_request,1582131933.000000,9,1
19,t000144,5,pasted_context_dump,1582132023.000000,9,1
19,t000144,6,direct_solution,1582132113.000000,9,1
19,t000144,7,social_turn,1582132203.000000,9,1
19,t000144,8,social_turn,1582132293.000000,9,1
19,t000144,9,confusion,1582132383.000000,9,1
19,t000144,10,concept_guidance_non_procedural,1582132473.000000,9,1
19,t000144,11,debugging,1582132563.000000,9,1
19,t000144,12,pasted_context_dump,1582132653.000000,9,1
19,t000144,13,pasted_context_dump,1582132743.000000,9,1
19,t000144,14,concept_guidance_procedural,1582132833.000000,9,1
19,t000144,15,debugging,1582132923.000000,9,1
19,t000144,16,non_sequitur,1582133013.000000,9,1
19,t000144,17,observations,1582133103.000000,9,1
19,t000144,18,direct_solution,1582133193.000000,9,1
19,t000144,19,help_request,1582133283.000000,9,1
19,t000144,20,pasted_context_dump,1582133373.000000,9,1
19,t000144,21,challenge_understanding,1582133463.000000,9,1
19,t000145,1,concept_guidance_procedural,1580660248.000000,2,0
19,t000145,2,social_turn,1580660338.000000,2,0
19,t000146,1,confusion,1578205976.000000,4,0
19,t000146,2,non_sequitur,1578206066.000000,4,0
19,t000146,3,confirmation,1578206156.000000,4,0
19,t000146,4,confirmation,1578206246.000000,4,0
19,t000146,5,debugging,1578206336.000000,4,0
19,t000146,6,help_request,1578206426.000000,4,0
19,t000146,7,non_sequitur,1578206516.000000,4,0
19,t000146,8,code_generation,1578206606.000000,4,0
19,t000146,9,concept_guidance_procedural,1578206696.000000,4,0
19,t000146,10,confirmation,1578206786.000000,4,0
19,t000146,11,course_platform,1578206876.000000,4,0
19,t000146,12,concept_guidance_procedural,1578206966.000000,4,0
19,t000146,13,observations,1578207056.000000,4,0
19,t000146,14,confusion,1578207146.000000,4,0
19,t000146,15,confirmation,1578207236.000000,4,0
19,t000146,16,concept_guidance_procedural,1578207326.000000,4,0
19,t000146,17,vague_request,1578207416.000000,4,0
19,t000146,18,direct_solution,1578207506.000000,4,0
19,t000146,19,observations,1578207596.000000,4,0
19,t000146,20,non_sequitur,1578207686.000000,4,0
19,t000147,1,concept_guidance_non_procedural,1583707116.000000,2,0
19,t000147,2,debugging,1583707206.000000,2,0
19,t000147,3,confirmation,1583707296.000000,2,0
19,t000147,4,vague_request,1583707386.000000,2,0
19,t000147,5,help_request,1583707476.000000,2,0
19,t000147,6,non_sequitur,1583707566.000000,2,0
19,t000147,7,confusion,1583707656.000000,2,0
19,t000147,8,challenge_understanding,1583707746.000000,2,0
19,t000147,9,vague_request,1583707836.000000,2,0
19,t000148,1,help_request,1582950112.000000,1,0
19,t000148,2,help_request,1582950202.000000,1,0
19,t000148,3,course_platform,1582950292.000000,1,0
19,t000149,1,code_generation,1585348606.000000,6,0
19,t000149,2,confusion,1585348696.000000,6,0
19,t000149,3,confusion,1585348786.000000,6,0
19,t000149,4,observations,1585348876.000000,6,0
19,t000149,5,debugging,1585348966.000000,6,0
19,t000149,6,non_sequitur,1585349056.000000,6,0
19,t000149,7,course_platform,1585349146.000000,6,0
19,t000149,8,code_generation,1585349236.000000,6,0
19,t000149,9,vague_request,1585349326.000000,6,0
19,t000149,10,debugging,1585349416.000000,6,0
19,t000149,11,concept_guidance_procedural,1585349506.000000,6,0
19,t000149,12,pasted_context_dump,1585349596.000000,6,0
19,t000149,13,code_generation,1585349686.000000,6,0
19,t000149,14,confusion,1585349776.000000,6,0
19,t000149,15,concept_guidance_non_procedural,1585349866.000000,6,0
19,t000149,16,code_generation,1585349956.000000,6,0
19,t000149,17,confusion,1585350046.000000,6,0
19,t000149,18,course_platform,1585350136.000000,6,0
19,t000149,19,help_request,1585350226.000000,6,0
19,t000149,20,vague_request,1585350316.000000,6,0
19,t000150,1,observations,1579019788.000000,6,0
19,t000150,2,challenge_understanding,1579019878.000000,6,0
19,t000150,3,confusion,1579019968.000000,6,0
19,t000150,4,debugging,1579020058.000000,6,0
19,t000150,5,confusion,1579020148.000000,6,0
19,t000150,6,concept_guidance_non_procedural,1579020238.000000,6,0
19,t000150,7,code_generation,1579020328.000000,6,0
19,t000150,8,concept_guidance_non_procedural,1579020418.000000,6,0
19,t000150,9,concept_guidance_procedural,1579020508.000000,6,0
19,t000150,10,vague_request,1579020598.000000,6,0
19,t000150,11,course_platform,1579020688.000000,6,0
19,t000150,12,request_direction,1579020778.000000,6,0
19,t000150,13,confirmation,1579020868.000000,6,0
19,t000150,14,help_request,1579020958.000000,6,0
19,t000150,15,debugging,1579021048.000000,6,0
19,t000150,16,concept_guidance_procedural,1579021138.000000,6,0
19,t000150,17,confirmation,1579021228.000000,6,0
19,t000150,18,concept_guidance_procedural,1579021318.000000,6,0
19,t000150,19,debugging,1579021408.000000,6,0
19,t000150,20,confusion,1579021498.000000,6,0
19,t000150,21,confusion,1579021588.000000,6,0
19,t000151,1,direct_solution,1580310021.000000,5,1
19,t000151,2,request_direction,1580310111.000000,5,1
19,t000151,3,confusion,1580310201.000000,5,1
19,t000151,4,observations,1580310291.000000,5,1
19,t000151,5,confirmation,1580310381.000000,5,1
19,t000151,6,social_turn,1580310471.000000,5,1
19,t000151,7,debugging,1580310561.000000,5,1
19,t000151,8,vague_request,1580310651.000000,5,1
19,t000151,9,concept_guidance_procedural,1580310741.000000,5,1
19,t000151,10,pasted_context_dump,1580310831.000000,5,1
19,t000151,11,challenge_understanding,1580310921.000000,5,1
19,t000152,1,pasted_context_dump,1578952792.000000,7,1
19,t000152,2,help_request,1578952882.000000,7,1
19,t000152,3,confirmation,1578952972.000000,7,1
19,t000152,4,course_platform,1578953062.000000,7,1
19,t000152,5,concept_guidance_non_procedural,1578953152.000000,7,1
19,t000152,6,vague_request,1578953242.000000,7,1
19,t000152,7,vague_request,1578953332.000000,7,1
19,t000152,8,challenge_understanding,1578953422.000000,7,1
19,t000152,9,non_sequitur,1578953512.000000,7,1
19,t000152,10,social_turn,1578953602.000000,7,1
19,t000152,11,help_request,1578953692.000000,7,1
20,t000153,1,pasted_context_dump,1578708771.000000,9,1
20,t000153,2,confirmation,1578708861.000000,9,1
20,t000153,3,code_generation,1578708951.000000,9,1
20,t000154,1,pasted_context_dump,1579701847.000000,7,1
20,t000154,2,course_platform,1579701937.000000,7,1
20,t000154,3,confirmation,1579702027.000000,7,1
20,t000154,4,course_platform,1579702117.000000,7,1
20,t000154,5,request_direction,1579702207.000000,7,1
20,t000155,1,confusion,1582329251.000000,4,1
20,t000155,2,social_turn,1582329341.000000,4,1
20,t000155,3,social_turn,1582329431.000000,4,1
20,t000155,4,concept_guidance_non_procedural,1582329521.000000,4,1
20,t000155,5,observations,1582329611.000000,4,1
20,t000155,6,concept_guidance_non_procedural,1582329701.000000,4,1
20,t000155,7,social_turn,1582329791.000000,4,1
20,t000155,8,course_platform,1582329881.000000,4,1
20,t000155,9,vague_request,1582329971.000000,4,1
20,t000155,10,confusion,1582330061.000000,4,1
20,t000155,11,confirmation,1582330151.000000,4,1
20,t000155,12,help_request,1582330241.000000,4,1
20,t000155,13,pasted_context_dump,1582330331.000000,4,1
20,t000155,14,request_direction,1582330421.000000,4,1
20,t000156,1,debugging,1583579212.000000,2,0
20,t000156,2,code_generation,1583579302.000000,2,0
20,t000156,3,observations,1583579392.000000,2,0
20,t000156,4,request_direction,1583579482.000000,2,0
20,t000156,5,help_request,1583579572.000000,2,0
20,t000156,6,help_request,1583579662.000000,2,0
20,t000156,7,direct_solution,1583579752.000000,2,0
20,t000156,8,help_request,1583579842.000000,2,0
20,t000156,9,confusion,1583579932.000000,2,0
20,t000156,10,challenge_understanding,1583580022.000000,2,0
20,t000156,11,challenge_understanding,1583580112.000000,2,0
20,t000156,12,challenge_understanding,1583580202.000000,2,0
20,t000156,13,non_sequitur,1583580292.000000,2,0
20,t000156,14,challenge_understanding,1583580382.000000,2,0
20,t000156,15,observations,1583580472.000000,2,0
20,t000156,16,vague_request,1583580562.000000,2,0
20,t000156,17,social_turn,1583580652.000000,2,0
20,t000156,18,vague_request,1583580742.000000,2,0
20,t000156,19,challenge_understanding,1583580832.000000,2,0
20,t000156,20,code_generation,1583580922.000000,2,0
20,t000156,21,social_turn,1583581012.000000,2,0
20,t000156,22,concept_guidance_procedural,1583581102.000000,2,0
20,t000157,1,observations,1584113540.000000,9,0
20,t000157,2,request_direction,1584113630.000000,9,0
20,t000158,1,direct_solution,1581555055.000000,5,1
20,t000158,2,code_generation,1581555145.000000,5,1
20,t000158,3,pasted_context_dump,1581555235.000000,5,1
20,t000158,4,course_platform,1581555325.000000,5,1
20,t000158,5,pasted_context_dump,1581555415.000000,5,1
20,t000158,6,confirmation,1581555505.000000,5,1
20,t000158,7,social_turn,1581555595.000000,5,1
20,t000158,8,social_turn,1581555685.000000,5,1
20,t000158,9,social_turn,1581555775.000000,5,1
20,t000158,10,course_platform,1581555865.000000,5,1
20,t000158,11,vague_request,1581555955.000000,5,1
20,t000158,12,vague_request,1581556045.000000,5,1
20,t000158,13,vague_request,1581556135.000000,5,1
20,t000158,14,non_sequitur,1581556225.000000,5,1
20,t000159,1,observations,1583111042.000000,8,0
20,t000159,2,vague_request,1583111132.000000,8,0
20,t000159,3,code_generation,1583111222.000000,8,0
20,t000159,4,help_request,1583111312.000000,8,0
20,t000159,5,confusion,1583111402.000000,8,0
20,t000159,6,confirmation,1583111492.000000,8,0
20,t000159,7,concept_guidance_non_procedural,1583111582.000000,8,0
20,t000159,8,help_request,1583111672.000000,8,0
20,t000159,9,pasted_context_dump,1583111762.000000,8,0
20,t000159,10,help_request,1583111852.000000,8,0
21,t000160,1,non_sequitur,1583921982.000000,9,1
21,t000160,2,concept_guidance_procedural,1583922072.000000,9,1
21,t000161,1,confirmation,1582816087.000000,8,0
21,t000161,2,direct_solution,1582816177.000000,8,0
21,t000161,3,confirmation,1582816267.000000,8,0
21,t000161,4,debugging,1582816357.000000,8,0
21,t000161,5,non_sequitur,1582816447.000000,8,0
21,t000161,6,vague_request,1582816537.000000,8,0
21,t000161,7,debugging,1582816627.000000,8,0
21,t000161,8,debugging,1582816717.000000,8,0
21,t000161,9,request_direction,1582816807.000000,8,0
21,t000161,10,help_request,1582816897.000000,8,0
21,t000161,11,observations,1582816987.000000,8,0
21,t000161,12,concept_guidance_non_procedural,1582817077.000000,8,0
21,t000162,1,help_request,1581777174.000000,5,0
21,t000162,2,vague_request,1581777264.000000,5,0
21,t000162,3,help_request,1581777354.000000,5,0
21,t000162,4,pasted_context_dump,1581777444.000000,5,0
21,t000162,5,code_generation,1581777534.000000,5,0
21,t000162,6,observations,1581777624.000000,5,0
21,t000162,7,direct_solution,1581777714.000000,5,0
21,t000162,8,confirmation,1581777804.000000,5,0
21,t000162,9,code_generation,1581777894.000000,5,0
21,t000162,10,social_turn,1581777984.000000,5,0
21,t000162,11,concept_guidance_procedural,1581778074.000000,5,0
21,t000162,12,pasted_context_dump,1581778164.000000,5,0
21,t000162,13,request_direction,1581778254.000000,5,0
21,t000162,14,vague_request,1581778344.000000,5,0
21,t000162,15,confusion,1581778434.000000,5,0
21,t000162,16,concept_guidance_non_procedural,1581778524.000000,5,0
21,t000162,17,concept_guidance_procedural,1581778614.000000,5,0
21,t000162,18,request_direction,1581778704.000000,5,0
21,t000162,19,concept_guidance_non_procedural,1581778794.000000,5,0
21,t000162,20,vague_request,1581778884.000000,5,0
21,t000162,21,pasted_context_dump,1581778974.000000,5,0
21,t000162,22,debugging,1581779064.000000,5,0
21,t000163,1,concept_guidance_non_procedural,1581147172.000000,8,1
21,t000163,2,social_turn,1581147262.000000,8,1
21,t000163,3,observations,1581147352.000000,8,1
21,t000163,4,debugging,1581147442.000000,8,1
21,t000163,5,challenge_understanding,1581147532.000000,8,1
21,t000163,6,confirmation,1581147622.000000,8,1
21,t000163,7,code_generation,1581147712.000000,8,1
21,t000163,8,pasted_context_dump,1581147802.000000,8,1
21,t000163,9,debugging,1581147892.000000,8,1
21,t000163,10,debugging,1581147982.000000,8,1
21,t000163,11,request_direction,1581148072.000000,8,1
21,t000163,12,observations,1581148162.000000,8,1
21,t000163,13,social_turn,1581148252.000000,8,1
21,t000163,14,vague_request,1581148342.000000,8,1
21,t000163,15,confirmation,1581148432.000000,8,1
21,t000163,16,course_platform,1581148522.000000,8,1
21,t000163,17,concept_guidance_procedural,1581148612.000000,8,1
21,t000163,18,concept_guidance_non_procedural,1581148702.000000,8,1
21,t000164,1,vague_request,1579446191.000000,6,0
21,t000164,2,vague_request,1579446281.000000,6,0
21,t000164,3,debugging,1579446371.000000,6,0
21,t000164,4,concept_guidance_procedural,1579446461.000000,6,0
21,t000164,5,direct_solution,1579446551.000000,6,0
21,t000165,1,help_request,1579207112.000000,4,1
21,t000165,2,pasted_context_dump,1579207202.000000,4,1
22,t000166,1,direct_solution,1582413459.000000,5,1
22,t000166,2,pasted_context_dump,1582413549.000000,5,1
22,t000166,3,vague_request,1582413639.000000,5,1
22,t000166,4,concept_guidance_procedural,1582413729.000000,5,1
22,t000166,5,social_turn,1582413819.000000,5,1
22,t000166,6,course_platform,1582413909.000000,5,1
22,t000166,7,concept_guidance_non_procedural,1582413999.000000,5,1
22,t000166,8,observations,1582414089.000000,5,1
22,t000166,9,help_request,1582414179.000000,5,1
22,t000166,10,observations,1582414269.000000,5,1
22,t000166,11,vague_request,1582414359.000000,5,1
22,t000166,12,confirmation,1582414449.000000,5,1
22,t000166,13,pasted_context_dump,1582414539.000000,5,1
22,t000166,14,debugging,1582414629.000000,5,1
22,t000166,15,pasted_context_dump,1582414719.000000,5,1
22,t000166,16,social_turn,1582414809.000000,5,1
22,t000167,1,help_request,1578915498.000000,9,0
22,t000167,2,concept_guidance_procedural,1578915588.000000,9,0
22,t000167,3,direct_solution,1578915678.000000,9,0
22,t000167,4,pasted_context_dump,1578915768.000000,9,0
22,t000167,5,concept_guidance_procedural,1578915858.000000,9,0
22,t000167,6,concept_guidance_non_procedural,1578915948.000000,9,0
22,t000167,7,non_sequitur,1578916038.000000,9,0
22,t000168,1,code_generation,1577968652.000000,8,1
22,t000168,2,course_platform,1577968742.000000,8,1
22,t000168,3,social_turn,1577968832.000000,8,1
22,t000168,4,vague_request,1577968922.000000,8,1
22,t000168,5,observations,1577969012.000000,8,1
22,t000168,6,course_platform,1577969102.000000,8,1
22,t000168,7,non_sequitur,1577969192.000000,8,1
22,t000168,8,challenge_understanding,1577969282.000000,8,1
22,t000168,9,help_request,1577969372.000000,8,1
22,t000168,10,concept_guidance_non_procedural,1577969462.000000,8,1
22,t000168,11,debugging,1577969552.000000,8,1
22,t000168,12,help_request,1577969642.000000,8,1
22,t000169,1,debugging,1579978571.000000,9,0
22,t000169,2,direct_solution,1579978661.000000,9,0
22,t000169,3,social_turn,1579978751.000000,9,0
22,t000169,4,pasted_context_dump,1579978841.000000,9,0
22,t000169,5,concept_guidance_non_procedural,1579978931.000000,9,0
22,t000169,6,confusion,1579979021.000000,9,0
22,t000169,7,vague_request,1579979111.000000,9,0
22,t000169,8,non_sequitur,1579979201.000000,9,0
22,t000169,9,course_platform,1579979291.000000,9,0
22,t000169,10,non_sequitur,1579979381.000000,9,0
22,t000169,11,course_platform,1579979471.000000,9,0
22,t000169,12,direct_solution,1579979561.000000,9,0
22,t000169,13,concept_guidance_procedural,1579979651.000000,9,0
22,t000169,14,debugging,1579979741.000000,9,0
22,t000169,15,debugging,1579979831.000000,9,0
22,t000169,16,observations,1579979921.000000,9,0
22,t000169,17,challenge_understanding,1579980011.000000,9,0
22,t000169,18,request_direction,1579980101.000000,9,0
22,t000169,19,request_direction,1579980191.000000,9,0
22,t000169,20,request_direction,1579980281.000000,9,0
22,t000169,21,non_sequitur,1579980371.000000,9,0
22,t000170,1,help_request,1578133068.000000,8,0
22,t000170,2,direct_solution,1578133158.000000,8,0
22,t000170,3,observations,1578133248.000000,8,0
22,t000170,4,help_request,1578133338.000000,8,0
22,t000170,5,debugging,1578133428.000000,8,0
22,t000170,6,confusion,1578133518.000000,8,0
22,t000170,7,direct_solution,1578133608.000000,8,0
22,t000170,8,non_sequitur,1578133698.000000,8,0
22,t000170,9,social_turn,1578133788.000000,8,0
22,t000171,1,direct_solution,1583217237.000000,5,1
22,t000171,2,concept_guidance_procedural,1583217327.000000,5,1
22,t000171,3,direct_solution,1583217417.000000,5,1
22,t000171,4,course_platform,1583217507.000000,5,1
22,t000171,5,confusion,1583217597.000000,5,1
22,t000171,6,confirmation,1583217687.000000,5,1
22,t000171,7,confusion,1583217777.000000,5,1
22,t000171,8,confirmation,1583217867.000000,5,1
22,t000171,9,help_request,1583217957.000000,5,1
22,t000171,10,confusion,1583218047.000000,5,1
22,t000171,11,request_direction,1583218137.000000,5,1
22,t000171,12,confirmation,1583218227.000000,5,1
22,t000171,13,confusion,1583218317.000000,5,1
22,t000171,14,challenge_understanding,1583218407.000000,5,1
22,t000171,15,request_direction,1583218497.000000,5,1
22,t000171,16,direct_solution,1583218587.000000,5,1
22,t000171,17,confirmation,1583218677.000000,5,1
22,t000172,1,social_turn,1584826486.000000,3,1
22,t000172,2,non_sequitur,1584826576.000000,3,1
22,t000172,3,social_turn,1584826666.000000,3,1
22,t000172,4,social_turn,1584826756.000000,3,1
22,t000172,5,vague_request,1584826846.000000,3,1
22,t000172,6,help_request,1584826936.000000,3,1
22,t000172,7,debugging,1584827026.000000,3,1
22,t000172,8,direct_solution,1584827116.000000,3,1
22,t000172,9,code_generation,1584827206.000000,3,1
22,t000172,10,debugging,1584827296.000000,3,1
22,t000172,11,non_sequitur,1584827386.000000,3,1
22,t000172,12,debugging,1584827476.000000,3,1
22,t000172,13,observations,1584827566.000000,3,1
22,t000172,14,code_generation,1584827656.000000,3,1
22,t000172,15,challenge_understanding,1584827746.000000,3,1
22,t000172,16,concept_guidance_non_procedural,1584827836.000000,3,1
22,t000172,17,non_sequitur,1584827926.000000,3,1
22,t000172,18,challenge_understanding,1584828016.000000,3,1
22,t000172,19,confusion,1584828106.000000,3,1
22,t000172,20,challenge_understanding,1584828196.000000,3,1
22,t000173,1,debugging,1584256066.000000,5,1
22,t000173,2,challenge_understanding,1584256156.000000,5,1
22,t000173,3,direct_solution,1584256246.000000,5,1
22,t000173,4,direct_solution,1584256336.000000,5,1
22,t000173,5,concept_guidance_procedural,1584256426.000000,5,1
22,t000173,6,course_platform,1584256516.000000,5,1
22,t000173,7,challenge_understanding,1584256606.000000,5,1
22,t000173,8,concept_guidance_procedural,1584256696.000000,5,1
22,t000173,9,challenge_understanding,1584256786.000000,5,1
22,t000173,10,challenge_understanding,1584256876.000000,5,1
22,t000173,11,non_sequitur,1584256966.000000,5,1
22,t000173,12,social_turn,1584257056.000000,5,1
22,t000173,13,debugging,1584257146.000000,5,1
22,t000173,14,challenge_understanding,1584257236.000000,5,1
22,t000173,15,non_sequitur,1584257326.000000,5,1
22,t000173,16,observations,1584257416.000000,5,1
22,t000173,17,course_platform,1584257506.000000,5,1
22,t000173,18,observations,1584257596.000000,5,1
22,t000173,19,non_sequitur,1584257686.000000,5,1
22,t000174,1,concept_guidance_non_procedural,1582285800.000000,8,1
22,t000174,2,vague_request,1582285890.000000,8,1
22,t000174,3,concept_guidance_non_procedural,1582285980.000000,8,1
22,t000174,4,social_turn,1582286070.000000,8,1
22,t000174,5,request_direction,1582286160.000000,8,1
22,t000174,6,direct_solution,1582286250.000000,8,1
22,t000174,7,concept_guidance_procedural,1582286340.000000,8,1
22,t000174,8,observations,1582286430.000000,8,1
22,t000174,9,concept_guidance_procedural,1582286520.000000,8,1
22,t000174,10,course_platform,1582286610.000000,8,1
22,t000174,11,debugging,1582286700.000000,8,1
22,t000174,12,non_sequitur,1582286790.000000,8,1
22,t000174,13,course_platform,1582286880.000000,8,1
22,t000174,14,debugging,1582286970.000000,8,1
22,t000174,15,social_turn,1582287060.000000,8,1
22,t000174,16,observations,1582287150.000000,8,1
22,t000174,17,vague_request,1582287240.000000,8,1
22,t000174,18,observations,1582287330.000000,8,1
22,t000174,19,debugging,1582287420.000000,8,1
22,t000175,1,request_direction,1581039476.000000,1,0
22,t000175,2,request_direction,1581039566.000000,1,0
22,t000175,3,observations,1581039656.000000,1,0
22,t000175,4,code_generation,1581039746.000000,1,0
22,t000175,5,confusion,1581039836.000000,1,0
22,t000175,6,course_platform,1581039926.000000,1,0
22,t000175,7,debugging,1581040016.000000,1,0
22,t000175,8,concept_guidance_non_procedural,1581040106.000000,1,0
22,t000175,9,vague_request,1581040196.000000,1,0
22,t000175,10,concept_guidance_non_procedural,1581040286.000000,1,0
22,t000175,11,observations,1581040376.000000,1,0
22,t000175,12,social_turn,1581040466.000000,1,0
22,t000175,13,vague_request,1581040556.000000,1,0
22,t000175,14,confusion,1581040646.000000,1,0
22,t000175,15,social_turn,1581040736.000000,1,0
23,t000176,1,request_direction,1583636306.000000,7,1
23,t000176,2,pasted_context_dump,1583636396.000000,7,1
23,t000176,3,direct_solution,1583636486.000000,7,1
23,t000176,4,direct_solution,1583636576.000000,7,1
23,t000176,5,help_request,1583636666.000000,7,1
23,t000177,1,concept_guidance_procedural,1582439070.000000,9,0
23,t000177,2,debugging,1582439160.000000,9,0
23,t000177,3,concept_guidance_procedural,1582439250.000000,9,0
23,t000177,4,vague_request,1582439340.000000,9,0
23,t000177,5,debugging,1582439430.000000,9,0
23,t000178,1,pasted_context_dump,1579356402.000000,6,1
23,t000178,2,debugging,1579356492.000000,6,1
23,t000178,3,observations,1579356582.000000,6,1
23,t000178,4,concept_guidance_non_procedural,1579356672.000000,6,1
23,t000178,5,confirmation,1579356762.000000,6,1
23,t000178,6,direct_solution,1579356852.000000,6,1
23,t000178,7,social_turn,1579356942.000000,6,1
23,t000178,8,challenge_understanding,1579357032.000000,6,1
23,t000178,9,social_turn,1579357122.000000,6,1
23,t000179,1,direct_solution,1579655902.000000,8,0
23,t000179,2,social_turn,1579655992.000000,8,0
23,t000179,3,non_sequitur,1579656082.000000,8,0
23,t000179,4,code_generation,1579656172.000000,8,0
23,t000179,5,debugging,1579656262.000000,8,0
23,t000179,6,request_direction,1579656352.000000,8,0
23,t000179,7,vague_request,1579656442.000000,8,0
23,t000180,1,help_request,1583651557.000000,2,1
23,t000180,2,vague_request,1583651647.000000,2,1
23,t000180,3,confusion,1583651737.000000,2,1
23,t000180,4,help_request,1583651827.000000,2,1
23,t000180,5,pasted_context_dump,1583651917.000000,2,1
23,t000180,6,confirmation,1583652007.000000,2,1
23,t000180,7,social_turn,1583652097.000000,2,1
23,t000180,8,social_turn,1583652187.000000,2,1
23,t000180,9,course_platform,1583652277.000000,2,1
23,t000180,10,confusion,1583652367.000000,2,1
23,t000180,11,vague_request,1583652457.000000,2,1
23,t000180,12,vague_request,1583652547.000000,2,1
23,t000181,1,debugging,1584251781.000000,2,0
23,t000181,2,non_sequitur,1584251871.000000,2,0
23,t000181,3,help_request,1584251961.000000,2,0
23,t000181,4,vague_request,1584252051.000000,2,0
23,t000181,5,vague_request,1584252141.000000,2,0
23,t000181,6,direct_solution,1584252231.000000,2,0
23,t000181,7,course_platform,1584252321.000000,2,0
23,t000181,8,social_turn,1584252411.000000,2,0
23,t000181,9,concept_guidance_non_procedural,1584252501.000000,2,0
23,t000181,10,social_turn,1584252591.000000,2,0
23,t000181,11,non_sequitur,1584252681.000000,2,0
23,t000182,1,pasted_context_dump,1583719434.000000,2,0
23,t000182,2,vague_request,1583719524.000000,2,0
23,t000182,3,confusion,1583719614.000000,2,0
23,t000182,4,challenge_understanding,1583719704.000000,2,0
23,t000182,5,direct_solution,1583719794.000000,2,0
23,t000182,6,social_turn,1583719884.000000,2,0
23,t000182,7,code_generation,1583719974.000000,2,0
23,t000182,8,concept_guidance_non_procedural,1583720064.000000,2,0
23,t000182,9,vague_request,1583720154.000000,2,0
23,t000182,10,confirmation,1583720244.000000,2,0
23,t000182,11,observations,1583720334.000000,2,0
23,t000182,12,concept_guidance_non_procedural,1583720424.000000,2,0
23,t000182,13,request_direction,1583720514.000000,2,0
23,t000182,14,concept_guidance_non_procedural,1583720604.000000,2,0
23,t000182,15,confirmation,1583720694.000000,2,0
23,t000182,16,non_sequitur,1583720784.000000,2,0
23,t000182,17,help_request,1583720874.000000,2,0
23,t000182,18,concept_guidance_procedural,1583720964.000000,2,0
23,t000182,19,non_sequitur,1583721054.000000,2,0
23,t000183,1,non_sequitur,1583745684.000000,4,1
23,t000183,2,concept_guidance_procedural,1583745774.000000,4,1
23,t000183,3,direct_solution,1583745864.000000,4,1
23,t000183,4,debugging,1583745954.000000,4,1
23,t000183,5,challenge_understanding,1583746044.000000,4,1
23,t000183,6,vague_request,1583746134.000000,4,1
23,t000183,7,confusion,1583746224.000000,4,1
23,t000183,8,pasted_context_dump,1583746314.000000,4,1
23,t000183,9,help_request,1583746404.000000,4,1
24,t000184,1,debugging,1583320343.000000,7,0
24,t000184,2,debugging,1583320433.000000,7,0
24,t000184,3,confirmation,1583320523.000000,7,0
24,t000184,4,non_sequitur,1583320613.000000,7,0
24,t000184,5,direct_solution,1583320703.000000,7,0
24,t000184,6,concept_guidance_procedural,1583320793.000000,7,0
24,t000184,7,non_sequitur,1583320883.000000,7,0
24,t000184,8,non_sequitur,1583320973.000000,7,0
24,t000184,9,request_direction,1583321063.000000,7,0
24,t000184,10,debugging,1583321153.000000,7,0
24,t000184,11,concept_guidance_non_procedural,1583321243.000000,7,0
24,t000184,12,vague_request,1583321333.000000,7,0
24,t000184,13,concept_guidance_non_procedural,1583321423.000000,7,0
24,t000184,14,non_sequitur,1583321513.000000,7,0
24,t000184,15,code_generation,1583321603.000000,7,0
24,t000184,16,confirmation,1583321693.000000,7,0
24,t000184,17,concept_guidance_procedural,1583321783.000000,7,0
24,t000184,18,confirmation,1583321873.000000,7,0
24,t000184,19,concept_guidance_non_procedural,1583321963.000000,7,0
24,t000184,20,concept_guidance_non_procedural,1583322053.000000,7,0
24,t000184,21,pasted_context_dump,1583322143.000000,7,0
24,t000184,22,vague_request,1583322233.000000,7,0
24,t000185,1,direct_solution,1583548952.000000,1,0
24,t000185,2,pasted_context_dump,1583549042.000000,1,0
24,t000185,3,pasted_context_dump,1583549132.000000,1,0
24,t000186,1,direct_solution,1580912214.000000,1,1
24,t000186,2,request_direction,1580912304.000000,1,1
24,t000186,3,observations,1580912394.000000,1,1
24,t000186,4,vague_request,1580912484.000000,1,1
24,t000186,5,challenge_understanding,1580912574.000000,1,1
24,t000186,6,direct_solution,1580912664.000000,1,1
24,t000186,7,pasted_context_dump,1580912754.000000,1,1
24,t000186,8,pasted_context_dump,1580912844.000000,1,1
24,t000186,9,pasted_context_dump,1580912934.000000,1,1
24,t000187,1,concept_guidance_non_procedural,1583138953.000000,8,0
24,t000187,2,pasted_context_dump,1583139043.000000,8,0
24,t000187,3,help_request,1583139133.000000,8,0
24,t000187,4,concept_guidance_procedural,1583139223.000000,8,0
24,t000187,5,challenge_understanding,1583139313.000000,8,0
24,t000187,6,debugging,1583139403.000000,8,0
24,t000187,7,pasted_context_dump,1583139493.000000,8,0
24,t000187,8,non_sequitur,1583139583.000000,8,0
24,t000187,9,help_request,1583139673.000000,8,0
24,t000187,10,vague_request,1583139763.000000,8,0
24,t000187,11,code_generation,1583139853.000000,8,0
24,t000187,12,vague_request,1583139943.000000,8,0
24,t000187,13,challenge_understanding,1583140033.000000,8,0
24,t000187,14,course_platform,1583140123.000000,8,0
24,t000187,15,request_direction,1583140213.000000,8,0
24,t000187,16,code_generation,1583140303.000000,8,0
24,t000187,17,observations,1583140393.000000,8,0
24,t000187,18,social_turn,1583140483.000000,8,0
24,t000187,19,concept_guidance_non_procedural,1583140573.000000,8,0
24,t000188,1,concept_guidance_non_procedural,1585281558.000000,2,1
24,t000188,2,challenge_understanding,1585281648.000000,2,1
24,t000188,3,confirmation,1585281738.000000,2,1
24,t000188,4,help_request,1585281828.000000,2,1
24,t000188,5,observations,1585281918.000000,2,1
24,t000188,6,request_direction,1585282008.000000,2,1
24,t000188,7,non_sequitur,1585282098.000000,2,1
24,t000188,8,code_generation,1585282188.000000,2,1
24,t000189,1,concept_guidance_non_procedural,1582122647.000000,3,1
24,t000189,2,confusion,1582122737.000000,3,1
24,t000189,3,course_platform,1582122827.000000,3,1
24,t000189,4,observations,1582122917.000000,3,1
24,t000189,5,request_direction,1582123007.000000,3,1
24,t000189,6,concept_guidance_procedural,1582123097.000000,3,1
24,t000189,7,code_generation,1582123187.000000,3,1
24,t000189,8,vague_request,1582123277.000000,3,1
24,t000189,9,observations,1582123367.000000,3,1
24,t000189,10,direct_solution,1582123457.000000,3,1
24,t000189,11,course_platform,1582123547.000000,3,1
24,t000189,12,challenge_understanding,1582123637.000000,3,1
24,t000189,13,code_generation,1582123727.000000,3,1
24,t000189,14,non_sequitur,1582123817.000000,3,1
24,t000189,15,concept_guidance_non_procedural,1582123907.000000,3,1
24,t000189,16,course_platform,1582123997.000000,3,1
24,t000189,17,vague_request,1582124087.000000,3,1
24,t000189,18,vague_request,1582124177.000000,3,1
24,t000190,1,confirmation,1582989986.000000,9,1
24,t000190,2,help_request,1582990076.000000,9,1
24,t000190,3,vague_request,1582990166.000000,9,1
24,t000190,4,pasted_context_dump,1582990256.000000,9,1
24,t000190,5,direct_solution,1582990346.000000,9,1
24,t000190,6,direct_solution,1582990436.000000,9,1
24,t000190,7,confusion,1582990526.000000,9,1
24,t000190,8,confirmation,1582990616.000000,9,1
24,t000190,9,non_sequitur,1582990706.000000,9,1
24,t000190,10,concept_guidance_procedural,1582990796.000000,9,1
24,t000190,11,concept_guidance_non_procedural,1582990886.000000,9,1
24,t000190,12,request_direction,1582990976.000000,9,1
24,t000190,13,confirmation,1582991066.000000,9,1
24,t000190,14,concept_guidance_procedural,1582991156.000000,9,1
24,t000190,15,non_sequitur,1582991246.000000,9,1
24,t000190,16,challenge_understanding,1582991336.000000,9,1
24,t000190,17,debugging,1582991426.000000,9,1
24,t000190,18,concept_guidance_procedural,1582991516.000000,9,1
24,t000190,19,confusion,1582991606.000000,9,1
24,t000191,1,debugging,1581424277.000000,9,1
24,t000191,2,debugging,1581424367.000000,9,1
24,t000191,3,concept_guidance_non_procedural,1581424457.000000,9,1
24,t000191,4,concept_guidance_procedural,1581424547.000000,9,1
24,t000191,5,help_request,1581424637.000000,9,1
24,t000191,6,observations,1581424727.000000,9,1
24,t000191,7,confirmation,1581424817.000000,9,1
24,t000191,8,vague_request,1581424907.000000,9,1
24,t000191,9,help_request,1581424997.000000,9,1
24,t000191,10,social_turn,1581425087.000000,9,1
24,t000191,11,help_request,1581425177.000000,9,1
24,t000191,12,confirmation,1581425267.000000,9,1
24,t000192,1,request_direction,1582395531.000000,2,1
24,t000192,2,confirmation,1582395621.000000,2,1
24,t000192,3,pasted_context_dump,1582395711.000000,2,1
24,t000192,4,pasted_context_dump,1582395801.000000,2,1
24,t000192,5,observations,1582395891.000000,2,1
24,t000192,6,non_sequitur,1582395981.000000,2,1
24,t000192,7,concept_guidance_non_procedural,1582396071.000000,2,1
24,t000192,8,debugging,1582396161.000000,2,1
24,t000192,9,observations,1582396251.000000,2,1
24,t000192,10,concept_guidance_procedural,1582396341.000000,2,1
24,t000193,1,non_sequitur,1582874112.000000,2,0
24,t000193,2,vague_request,1582874202.000000,2,0
24,t000193,3,code_generation,1582874292.000000,2,0
24,t000193,4,observations,1582874382.000000,2,0
24,t000193,5,vague_request,1582874472.000000,2,0
24,t000193,6,vague_request,1582874562.000000,2,0
24,t000193,7,vague_request,1582874652.000000,2,0
24,t000193,8,course_platform,1582874742.000000,2,0
24,t000193,9,observations,1582874832.000000,2,0
24,t000193,10,challenge_understanding,1582874922.000000,2,0
24,t000193,11,social_turn,1582875012.000000,2,0
25,t000194,1,observations,1582898393.000000,5,1
25,t000194,2,non_sequitur,1582898483.000000,5,1
25,t000194,3,non_sequitur,1582898573.000000,5,1
25,t000194,4,debugging,1582898663.000000,5,1
25,t000194,5,non_sequitur,1582898753.000000,5,1
25,t000194,6,concept_guidance_procedural,1582898843.000000,5,1
25,t000194,7,vague_request,1582898933.000000,5,1
25,t000194,8,pasted_context_dump,1582899023.000000,5,1
25,t000195,1,course_platform,1580286555.000000,3,0
25,t000195,2,confirmation,1580286645.000000,3,0
25,t000195,3,confusion,1580286735.000000,3,0
25,t000195,4,help_request,1580286825.000000,3,0
25,t000196,1,course_platform,1584331626.000000,3,0
25,t000196,2,debugging,1584331716.000000,3,0
25,t000196,3,course_platform,1584331806.000000,3,0
25,t000196,4,vague_request,1584331896.000000,3,0
25,t000196,5,direct_solution,1584331986.000000,3,0
25,t000196,6,challenge_understanding,1584332076.000000,3,0
25,t000197,1,confusion,1580019914.000000,3,1
25,t000197,2,help_request,1580020004.000000,3,1
25,t000197,3,concept_guidance_non_procedural,1580020094.000000,3,1
25,t000197,4,direct_solution,1580020184.000000,3,1
25,t000197,5,confusion,1580020274.000000,3,1
25,t000197,6,non_sequitur,1580020364.000000,3,1
25,t000197,7,observations,1580020454.000000,3,1
25,t000197,8,challenge_understanding,1580020544.000000,3,1
25,t000197,9,confirmation,1580020634.000000,3,1
25,t000197,10,course_platform,1580020724.000000,3,1
25,t000197,11,observations,1580020814.000000,3,1
25,t000197,12,vague_request,1580020904.000000,3,1
25,t000197,13,help_request,1580020994.000000,3,1
25,t000197,14,request_direction,1580021084.000000,3,1
25,t000197,15,pasted_context_dump,1580021174.000000,3,1
25,t000197,16,confirmation,1580021264.000000,3,1
25,t000197,17,confusion,1580021354.000000,3,1
25,t000197,18,course_platform,1580021444.000000,3,1
25,t000198,1,challenge_understanding,1578068609.000000,5,0
25,t000198,2,help_request,1578068699.000000,5,0
25,t000198,3,course_platform,1578068789.000000,5,0
25,t000198,4,confusion,1578068879.000000,5,0
25,t000198,5,confirmation,1578068969.000000,5,0
25,t000198,6,confusion,1578069059.000000,5,0
25,t000198,7,code_generation,1578069149.000000,5,0
25,t000198,8,non_sequitur,1578069239.000000,5,0
25,t000198,9,course_platform,1578069329.000000,5,0
25,t000198,10,course_platform,1578069419.000000,5,0
25,t000198,11,course_platform,1578069509.000000,5,0
25,t000198,12,social_turn,1578069599.000000,5,0
25,t000198,13,direct_solution,1578069689.000000,5,0
25,t000198,14,vague_request,1578069779.000000,5,0
25,t000198,15,help_request,1578069869.000000,5,0
25,t000198,16,debugging,1578069959.000000,5,0
25,t000198,17,observations,1578070049.000000,5,0
25,t000198,18,help_request,1578070139.000000,5,0
25,t000198,19,confirmation,1578070229.000000,5,0
25,t000198,20,direct_solution,1578070319.000000,5,0
25,t000198,21,course_platform,1578070409.000000,5,0
25,t000198,22,challenge_understanding,1578070499.000000,5,0
25,t000199,1,observations,1579088759.000000,5,1
25,t000199,2,course_platform,1579088849.000000,5,1
25,t000199,3,non_sequitur,1579088939.000000,5,1
25,t000199,4,vague_request,1579089029.000000,5,1
25,t000199,5,request_direction,1579089119.000000,5,1
25,t000199,6,challenge_understanding,1579089209.000000,5,1
25,t000199,7,pasted_context_dump,1579089299.000000,5,1
26,t000200,1,direct_solution,1578900415.000000,1,1
26,t000200,2,confusion,1578900505.000000,1,1
26,t000200,3,non_sequitur,1578900595.000000,1,1
26,t000200,4,help_request,1578900685.000000,1,1
26,t000200,5,challenge_understanding,1578900775.000000,1,1
26,t000200,6,help_request,1578900865.000000,1,1
26,t000200,7,debugging,1578900955.000000,1,1
26,t000200,8,concept_guidance_procedural,1578901045.000000,1,1
26,t000200,9,request_direction,1578901135.000000,1,1
26,t000200,10,observations,1578901225.000000,1,1
26,t000200,11,observations,1578901315.000000,1,1
26,t000200,12,challenge_understanding,1578901405.000000,1,1
26,t000200,13,help_request,1578901495.000000,1,1
26,t000200,14,social_turn,1578901585.000000,1,1
26,t000200,15,pasted_context_dump,1578901675.000000,1,1
26,t000201,1,direct_solution,1580711564.000000,5,1
26,t000201,2,social_turn,1580711654.000000,5,1
26,t000201,3,challenge_understanding,1580711744.000000,5,1
26,t000201,4,pasted_context_dump,1580711834.000000,5,1
26,t000201,5,code_generation,1580711924.000000,5,1
26,t000201,6,direct_solution,1580712014.000000,5,1
26,t000201,7,non_sequitur,1580712104.000000,5,1
26,t000201,8,request_direction,1580712194.000000,5,1
26,t000202,1,concept_guidance_non_procedural,1580844920.000000,5,1
26,t000202,2,code_generation,1580845010.000000,5,1
26,t000202,3,challenge_understanding,1580845100.000000,5,1
26,t000202,4,code_generation,1580845190.000000,5,1
26,t000202,5,course_platform,1580845280.000000,5,1
26,t000202,6,social_turn,1580845370.000000,5,1
26,t000202,7,social_turn,1580845460.000000,5,1
26,t000202,8,non_sequitur,1580845550.000000,5,1
26,t000202,9,direct_solution,1580845640.000000,5,1
26,t000202,10,pasted_context_dump,1580845730.000000,5,1
26,t000202,11,challenge_understanding,1580845820.000000,5,1
26,t000203,1,challenge_understanding,1582728588.000000,9,1
26,t000203,2,direct_solution,1582728678.000000,9,1
26,t000203,3,confusion,1582728768.000000,9,1
26,t000203,4,debugging,1582728858.000000,9,1
26,t000203,5,request_direction,1582728948.000000,9,1
26,t000204,1,course_platform,1585232037.000000,6,1
26,t000204,2,help_request,1585232127.000000,6,1
26,t000204,3,code_generation,1585232217.000000,6,1
26,t000204,4,vague_request,1585232307.000000,6,1
26,t000204,5,vague_request,1585232397.000000,6,1
26,t000204,6,challenge_understanding,1585232487.000000,6,1
26,t000204,7,direct_solution,1585232577.000000,6,1
26,t000205,1,concept_guidance_non_procedural,1581248029.000000,8,0
26,t000205,2,challenge_understanding,1581248119.000000,8,0
26,t000205,3,observations,1581248209.000000,8,0
26,t000205,4,non_sequitur,1581248299.000000,8,0
26,t000205,5,observations,1581248389.000000,8,0
26,t000205,6,confirmation,1581248479.000000,8,0
26,t000205,7,help_request,1581248569.000000,8,0
26,t000205,8,debugging,1581248659.000000,8,0
26,t000205,9,concept_guidance_non_procedural,1581248749.000000,8,0
26,t000205,10,observations,1581248839.000000,8,0
26,t000205,11,observations,1581248929.000000,8,0
26,t000205,12,code_generation,1581249019.000000,8,0
26,t000205,13,concept_guidance_non_procedural,1581249109.000000,8,0
26,t000205,14,vague_request,1581249199.000000,8,0
26,t000205,15,help_request,1581249289.000000,8,0
26,t000205,16,pasted_context_dump,1581249379.000000,8,0
26,t000205,17,concept_guidance_procedural,1581249469.000000,8,0
26,t000206,1,concept_guidance_non_procedural,1584898000.000000,5,1
26,t000206,2,non_sequitur,1584898090.000000,5,1
26,t000206,3,confirmation,1584898180.000000,5,1
26,t000206,4,course_platform,1584898270.000000,5,1
26,t000206,5,non_sequitur,1584898360.000000,5,1
26,t000206,6,course_platform,1584898450.000000,5,1
26,t000206,7,social_turn,1584898540.000000,5,1
26,t000206,8,course_platform,1584898630.000000,5,1
26,t000206,9,non_sequitur,1584898720.000000,5,1
26,t000206,10,concept_guidance_non_procedural,1584898810.000000,5,1
26,t000206,11,challenge_understanding,1584898900.000000,5,1
26,t000206,12,confusion,1584898990.000000,5,1
26,t000206,13,concept_guidance_non_procedural,1584899080.000000,5,1
26,t000206,14,confirmation,1584899170.000000,5,1
26,t000206,15,code_generation,1584899260.000000,5,1
26,t000207,1,request_direction,1583177095.000000,3,1
26,t000207,2,concept_guidance_non_procedural,1583177185.000000,3,1
26,t000207,3,confirmation,1583177275.000000,3,1
26,t000207,4,course_platform,1583177365.000000,3,1
26,t000207,5,help_request,1583177455.000000,3,1
26,t000207,6,request_direction,1583177545.000000,3,1
26,t000207,7,direct_solution,1583177635.000000,3,1
26,t000207,8,challenge_understanding,1583177725.000000,3,1
26,t000207,9,confirmation,1583177815.000000,3,1
26,t000207,10,confusion,1583177905.000000,3,1
26,t000207,11,help_request,1583177995.000000,3,1
26,t000207,12,confirmation,1583178085.000000,3,1
26,t000207,13,concept_guidance_non_procedural,1583178175.000000,3,1
26,t000207,14,code_generation,1583178265.000000,3,1
26,t000207,15,direct_solution,1583178355.000000,3,1
26,t000207,16,help_request,1583178445.000000,3,1
26,t000207,17,confusion,1583178535.000000,3,1
26,t000207,18,social_turn,1583178625.000000,3,1
26,t000207,19,concept_guidance_non_procedural,1583178715.000000,3,1
26,t000207,20,confirmation,1583178805.000000,3,1
26,t000207,21,challenge_understanding,1583178895.000000,3,1
26,t000207,22,non_sequitur,1583178985.000000,3,1
27,t000208,1,pasted_context_dump,1580997013.000000,6,1
27,t000208,2,course_platform,1580997103.000000,6,1
27,t000208,3,concept_guidance_procedural,1580997193.000000,6,1
27,t000209,1,code_generation,1585293252.000000,5,0
27,t000209,2,observations,1585293342.000000,5,0
27,t000209,3,course_platform,1585293432.000000,5,0
27,t000209,4,concept_guidance_procedural,1585293522.000000,5,0
27,t000210,1,course_platform,1583334681.000000,5,0
27,t000210,2,concept_guidance_procedural,1583334771.000000,5,0
27,t000210,3,course_platform,1583334861.000000,5,0
27,t000210,4,concept_guidance_procedural,1583334951.000000,5,0
27,t000210,5,confusion,1583335041.000000,5,0
27,t000210,6,non_sequitur,1583335131.000000,5,0
27,t000210,7,challenge_understanding,1583335221.000000,5,0
27,t000210,8,concept_guidance_non_procedural,1583335311.000000,5,0
27,t000210,9,course_platform,1583335401.000000,5,0
27,t000210,10,confirmation,1583335491.000000,5,0
27,t000210,11,debugging,1583335581.000000,5,0
27,t000211,1,confusion,1584217316.000000,7,0
27,t000211,2,observations,1584217406.000000,7,0
27,t000211,3,social_turn,1584217496.000000,7,0
27,t000211,4,confirmation,1584217586.000000,7,0
27,t000211,5,confirmation,1584217676.000000,7,0
27,t000211,6,challenge_understanding,1584217766.000000,7,0
27,t000211,7,concept_guidance_non_procedural,1584217856.000000,7,0
27,t000211,8,debugging,1584217946.000000,7,0
27,t000211,9,social_turn,1584218036.000000,7,0
27,t000211,10,concept_guidance_non_procedural,1584218126.000000,7,0
27,t000212,1,concept_guidance_procedural,1582432487.000000,6,0
27,t000212,2,course_platform,1582432577.000000,6,0
27,t000212,3,observations,1582432667.000000,6,0
27,t000212,4,confusion,1582432757.000000,6,0
27,t000212,5,confirmation,1582432847.000000,6,0
27,t000212,6,social_turn,1582432937.000000,6,0
27,t000212,7,help_request,1582433027.000000,6,0
27,t000212,8,confirmation,1582433117.000000,6,0
27,t000212,9,social_turn,1582433207.000000,6,0
27,t000212,10,help_request,1582433297.000000,6,0
27,t000212,11,concept_guidance_procedural,1582433387.000000,6,0
27,t000212,12,direct_solution,1582433477.000000,6,0
27,t000212,13,course_platform,1582433567.000000,6,0
27,t000212,14,debugging,1582433657.000000,6,0
27,t000212,15,vague_request,1582433747.000000,6,0
27,t000212,16,non_sequitur,1582433837.000000,6,0
27,t000212,17,social_turn,1582433927.000000,6,0
27,t000212,18,observations,1582434017.000000,6,0
27,t000212,19,pasted_context_dump,1582434107.000000,6,0
27,t000212,20,challenge_understanding,1582434197.000000,6,0
27,t000212,21,request_direction,1582434287.000000,6,0
27,t000212,22,request_direction,1582434377.000000,6,0
27,t000213,1,observations,1582119928.000000,6,0
27,t000213,2,vague_request,1582120018.000000,6,0
27,t000213,3,non_sequitur,1582120108.000000,6,0
27,t000213,4,confirmation,1582120198.000000,6,0
27,t000213,5,debugging,1582120288.000000,6,0
27,t000213,6,vague_request,1582120378.000000,6,0
27,t000213,7,vague_request,1582120468.000000,6,0
27,t000213,8,challenge_understanding,1582120558.000000,6,0
27,t000213,9,direct_solution,1582120648.000000,6,0
27,t000213,10,concept_guidance_non_procedural,1582120738.000000,6,0
27,t000213,11,code_generation,1582120828.000000,6,0
27,t000213,12,course_platform,1582120918.000000,6,0
27,t000213,13,debugging,1582121008.000000,6,0
27,t000214,1,challenge_understanding,1584675554.000000,8,0
27,t000214,2,confirmation,1584675644.000000,8,0
27,t000214,3,request_direction,1584675734.000000,8,0
27,t000214,4,pasted_context_dump,1584675824.000000,8,0
27,t000214,5,request_direction,1584675914.000000,8,0
27,t000214,6,debugging,1584676004.000000,8,0
27,t000214,7,social_turn,1584676094.000000,8,0
27,t000214,8,code_generation,1584676184.000000,8,0
27,t000214,9,observations,1584676274.000000,8,0
27,t000214,10,request_direction,1584676364.000000,8,0
27,t000214,11,debugging,1584676454.000000,8,0
27,t000214,12,challenge_understanding,1584676544.000000,8,0
27,t000214,13,non_sequitur,1584676634.000000,8,0
27,t000215,1,help_request,1584572633.000000,9,1
27,t000215,2,request_direction,1584572723.000000,9,1
27,t000215,3,confirmation,1584572813.000000,9,1
27,t000215,4,confusion,1584572903.000000,9,1
27,t000215,5,vague_request,1584572993.000000,9,1
27,t000215,6,direct_solution,1584573083.000000,9,1
27,t000215,7,confusion,1584573173.000000,9,1
27,t000215,8,concept_guidance_procedural,1584573263.000000,9,1
27,t000215,9,pasted_context_dump,1584573353.000000,9,1
27,t000215,10,debugging,1584573443.000000,9,1
27,t000215,11,vague_request,1584573533.000000,9,1
27,t000215,12,challenge_understanding,1584573623.000000,9,1
27,t000215,13,request_direction,1584573713.000000,9,1
27,t000215,14,concept_guidance_non_procedural,1584573803.000000,9,1
27,t000215,15,pasted_context_dump,1584573893.000000,9,1
27,t000215,16,concept_guidance_non_procedural,1584573983.000000,9,1
27,t000215,17,concept_guidance_procedural,1584574073.000000,9,1
27,t000215,18,vague_request,1584574163.000000,9,1
27,t000215,19,debugging,1584574253.000000,9,1
27,t000215,20,social_turn,1584574343.000000,9,1
27,t000215,21,debugging,1584574433.000000,9,1
27,t000215,22,direct_solution,1584574523.000000,9,1
28,t000216,1,request_direction,1578709187.000000,7,0
28,t000216,2,confusion,1578709277.000000,7,0
28,t000216,3,non_sequitur,1578709367.000000,7,0
28,t000216,4,debugging,1578709457.000000,7,0
28,t000216,5,observations,1578709547.000000,7,0
28,t000216,6,non_sequitur,1578709637.000000,7,0
28,t000216,7,challenge_understanding,1578709727.000000,7,0
28,t000216,8,pasted_context_dump,1578709817.000000,7,0
28,t000216,9,social_turn,1578709907.000000,7,0
28,t000216,10,direct_solution,1578709997.000000,7,0
28,t000216,11,confusion,1578710087.000000,7,0
28,t000216,12,debugging,1578710177.000000,7,0
28,t000216,13,direct_solution,1578710267.000000,7,0
28,t000216,14,debugging,1578710357.000000,7,0
28,t000216,15,pasted_context_dump,1578710447.000000,7,0
28,t000216,16,social_turn,1578710537.000000,7,0
28,t000216,17,help_request,1578710627.000000,7,0
28,t000216,18,request_direction,1578710717.000000,7,0
28,t000216,19,concept_guidance_non_procedural,1578710807.000000,7,0
28,t000216,20,observations,1578710897.000000,7,0
28,t000217,1,confusion,1578742135.000000,4,1
28,t000217,2,debugging,1578742225.000000,4,1
28,t000217,3,request_direction,1578742315.000000,4,1
28,t000217,4,concept_guidance_procedural,1578742405.000000,4,1
28,t000217,5,course_platform,1578742495.000000,4,1
28,t000217,6,help_request,1578742585.000000,4,1
28,t000218,1,help_request,1582694093.000000,4,0
28,t000218,2,course_platform,1582694183.000000,4,0
28,t000218,3,code_generation,1582694273.000000,4,0
28,t000218,4,vague_request,1582694363.000000,4,0
28,t000218,5,social_turn,1582694453.000000,4,0
28,t000218,6,confirmation,1582694543.000000,4,0
28,t000218,7,observations,1582694633.000000,4,0
28,t000218,8,help_request,1582694723.000000,4,0
28,t000218,9,confusion,1582694813.000000,4,0
28,t000218,10,request_direction,1582694903.000000,4,0
28,t000219,1,social_turn,1584919640.000000,9,1
28,t000219,2,debugging,1584919730.000000,9,1
28,t000219,3,observations,1584919820.000000,9,1
28,t000219,4,observations,1584919910.000000,9,1
28,t000219,5,concept_guidance_non_procedural,1584920000.000000,9,1
28,t000219,6,observations,1584920090.000000,9,1
28,t000219,7,course_platform,1584920180.000000,9,1
28,t000219,8,code_generation,1584920270.000000,9,1
28,t000219,9,code_generation,1584920360.000000,9,1
28,t000219,10,observations,1584920450.000000,9,1
28,t000219,11,concept_guidance_non_procedural,1584920540.000000,9,1
28,t000220,1,observations,1579696088.000000,1,1
28,t000220,2,concept_guidance_non_procedural,1579696178.000000,1,1
28,t000220,3,code_generation,1579696268.000000,1,1
28,t000220,4,request_direction,1579696358.000000,1,1
28,t000220,5,concept_guidance_procedural,1579696448.000000,1,1
28,t000220,6,concept_guidance_procedural,1579696538.000000,1,1
28,t000220,7,help_request,1579696628.000000,1,1
28,t000220,8,confirmation,1579696718.000000,1,1
28,t000220,9,vague_request,1579696808.000000,1,1
28,t000220,10,request_direction,1579696898.000000,1,1
28,t000220,11,concept_guidance_non_procedural,1579696988.000000,1,1
28,t000220,12,direct_solution,1579697078.000000,1,1
28,t000220,13,pasted_context_dump,1579697168.000000,1,1
28,t000220,14,concept_guidance_non_procedural,1579697258.000000,1,1
28,t000221,1,vague_request,1583662459.000000,5,1
28,t000221,2,help_request,1583662549.000000,5,1
28,t000221,3,observations,1583662639.000000,5,1
28,t000221,4,challenge_understanding,1583662729.000000,5,1
28,t000221,5,non_sequitur,1583662819.000000,5,1
28,t000221,6,direct_solution,1583662909.000000,5,1
28,t000221,7,code_generation,1583662999.000000,5,1
28,t000221,8,non_sequitur,1583663089.000000,5,1
28,t000221,9,request_direction,1583663179.000000,5,1
28,t000221,10,challenge_understanding,1583663269.000000,5,1
28,t000221,11,request_direction,1583663359.000000,5,1
28,t000221,12,confirmation,1583663449.000000,5,1
28,t000221,13,debugging,1583663539.000000,5,1
28,t000221,14,concept_guidance_non_procedural,1583663629.000000,5,1
28,t000221,15,request_direction,1583663719.000000,5,1
28,t000221,16,direct_solution,1583663809.000000,5,1
28,t000221,17,course_platform,1583663899.000000,5,1
28,t000221,18,non_sequitur,1583663989.000000,5,1
28,t000221,19,course_platform,1583664079.000000,5,1
28,t000221,20,direct_solution,1583664169.000000,5,1
28,t000221,21,concept_guidance_non_procedural,1583664259.000000,5,1
28,t000221,22,pasted_context_dump,1583664349.000000,5,1
28,t000222,1,challenge_understanding,1581178527.000000,3,1
28,t000222,2,concept_guidance_procedural,1581178617.000000,3,1
28,t000223,1,help_request,1582446335.000000,6,0
28,t000223,2,challenge_understanding,1582446425.000000,6,0
28,t000223,3,course_platform,1582446515.000000,6,0
28,t000223,4,concept_guidance_non_procedural,1582446605.000000,6,0
28,t000223,5,challenge_understanding,1582446695.000000,6,0
28,t000224,1,observations,1581199467.000000,3,0
28,t000224,2,vague_request,1581199557.000000,3,0
28,t000224,3,direct_solution,1581199647.000000,3,0
28,t000224,4,concept_guidance_non_procedural,1581199737.000000,3,0
28,t000224,5,debugging,1581199827.000000,3,0
28,t000224,6,confusion,1581199917.000000,3,0
28,t000224,7,request_direction,1581200007.000000,3,0
28,t000224,8,observations,1581200097.000000,3,0
28,t000224,9,challenge_understanding,1581200187.000000,3,0
28,t000224,10,course_platform,1581200277.000000,3,0
28,t000224,11,pasted_context_dump,1581200367.000000,3,0
28,t000224,12,social_turn,1581200457.000000,3,0
28,t000224,13,request_direction,1581200547.000000,3,0
28,t000224,14,vague_request,1581200637.000000,3,0
28,t000224,15,concept_guidance_procedural,1581200727.000000,3,0
28,t000224,16,course_platform,1581200817.000000,3,0
28,t000224,17,vague_request,1581200907.000000,3,0
28,t000224,18,social_turn,1581200997.000000,3,0
28,t000224,19,request_direction,1581201087.000000,3,0
28,t000224,20,debugging,1581201177.000000,3,0
28,t000224,21,social_turn,1581201267.000000,3,0
28,t000224,22,debugging,1581201357.000000,3,0
29,t000225,1,concept_guidance_non_procedural,1583137015.000000,8,0
29,t000225,2,code_generation,1583137105.000000,8,0
29,t000225,3,vague_request,1583137195.000000,8,0
29,t000225,4,help_request,1583137285.000000,8,0
29,t000225,5,code_generation,1583137375.000000,8,0
29,t000225,6,debugging,1583137465.000000,8,0
29,t000225,7,confusion,1583137555.000000,8,0
29,t000225,8,pasted_context_dump,1583137645.000000,8,0
29,t000226,1,confusion,1585040642.000000,6,1
29,t000226,2,concept_guidance_non_procedural,1585040732.000000,6,1
29,t000226,3,direct_solution,1585040822.000000,6,1
29,t000226,4,social_turn,1585040912.000000,6,1
29,t000226,5,concept_guidance_non_procedural,1585041002.000000,6,1
29,t000226,6,code_generation,1585041092.000000,6,1
29,t000226,7,code_generation,1585041182.000000,6,1
29,t000226,8,confusion,1585041272.000000,6,1
29,t000226,9,pasted_context_dump,1585041362.000000,6,1
29,t000226,10,confusion,1585041452.000000,6,1
29,t000226,11,vague_request,1585041542.000000,6,1
29,t000226,12,non_sequitur,1585041632.000000,6,1
29,t000226,13,help_request,1585041722.000000,6,1
29,t000226,14,code_generation,1585041812.000000,6,1
29,t000226,15,help_request,1585041902.000000,6,1
29,t000226,16,code_generation,1585041992.000000,6,1
29,t000226,17,confusion,1585042082.000000,6,1
29,t000226,18,concept_guidance_non_procedural,1585042172.000000,6,1
29,t000226,19,challenge_understanding,1585042262.000000,6,1
29,t000227,1,social_turn,1584546712.000000,4,0
29,t000227,2,vague_request,1584546802.000000,4,0
29,t000227,3,observations,1584546892.000000,4,0
29,t000227,4,direct_solution,1584546982.000000,4,0
29,t000227,5,concept_guidance_procedural,1584547072.000000,4,0
29,t000227,6,concept_guidance_non_procedural,1584547162.000000,4,0
29,t000227,7,debugging,1584547252.000000,4,0
29,t000228,1,observations,1577904413.000000,1,1
29,t000228,2,pasted_context_dump,1577904503.000000,1,1
29,t000228,3,concept_guidance_non_procedural,1577904593.000000,1,1
29,t000228,4,vague_request,1577904683.000000,1,1
29,t000228,5,challenge_understanding,1577904773.000000,1,1
29,t000228,6,direct_solution,1577904863.000000,1,1
29,t000228,7,direct_solution,1577904953.000000,1,1
29,t000228,8,help_request,1577905043.000000,1,1
29,t000228,9,help_request,1577905133.000000,1,1
29,t000229,1,request_direction,1578369708.000000,8,1
29,t000229,2,challenge_understanding,1578369798.000000,8,1
29,t000229,3,concept_guidance_procedural,1578369888.000000,8,1
29,t000229,4,course_platform,1578369978.000000,8,1
29,t000229,5,concept_guidance_procedural,1578370068.000000,8,1
29,t000229,6,vague_request,1578370158.000000,8,1
29,t000229,7,concept_guidance_procedural,1578370248.000000,8,1
29,t000230,1,course_platform,1579056103.000000,5,0
29,t000230,2,observations,1579056193.000000,5,0
29,t000230,3,non_sequitur,1579056283.000000,5,0
29,t000230,4,debugging,1579056373.000000,5,0
29,t000230,5,debugging,1579056463.000000,5,0
29,t000231,1,concept_guidance_non_procedural,1581464761.000000,5,1
29,t000231,2,confusion,1581464851.000000,5,1
29,t000231,3,observations,1581464941.000000,5,1
29,t000231,4,non_sequitur,1581465031.000000,5,1
29,t000231,5,pasted_context_dump,1581465121.000000,5,1
29,t000231,6,concept_guidance_procedural,1581465211.000000,5,1
29,t000231,7,pasted_context_dump,1581465301.000000,5,1
29,t000231,8,challenge_understanding,1581465391.000000,5,1
29,t000231,9,direct_solution,1581465481.000000,5,1
29,t000231,10,observations,1581465571.000000,5,1
29,t000231,11,direct_solution,1581465661.000000,5,1
29,t000231,12,concept_guidance_non_procedural,1581465751.000000,5,1
29,t000231,13,direct_solution,1581465841.000000,5,1
29,t000231,14,course_platform,1581465931.000000,5,1
29,t000231,15,confirmation,1581466021.000000,5,1
29,t000231,16,pasted_context_dump,1581466111.000000,5,1
29,t000231,17,concept_guidance_procedural,1581466201.000000,5,1
29,t000231,18,direct_solution,1581466291.000000,5,1
29,t000231,19,direct_solution,1581466381.000000,5,1
29,t000231,20,concept_guidance_procedural,1581466471.000000,5,1
29,t000232,1,challenge_understanding,1583330843.000000,8,1
29,t000232,2,concept_guidance_procedural,1583330933.000000,8,1
29,t000232,3,debugging,1583331023.000000,8,1
29,t000233,1,non_sequitur,1580282799.000000,7,1
29,t000233,2,challenge_understanding,1580282889.000000,7,1
29,t000233,3,observations,1580282979.000000,7,1
29,t000233,4,concept_guidance_procedural,1580283069.000000,7,1
29,t000233,5,social_turn,1580283159.000000,7,1
29,t000233,6,code_generation,1580283249.000000,7,1
29,t000233,7,pasted_context_dump,1580283339.000000,7,1
29,t000233,8,concept_guidance_non_procedural,1580283429.000000,7,1
29,t000233,9,concept_guidance_non_procedural,1580283519.000000,7,1
29,t000233,10,challenge_understanding,1580283609.000000,7,1
29,t000233,11,concept_guidance_procedural,1580283699.000000,7,1
29,t000233,12,request_direction,1580283789.000000,7,1
29,t000233,13,code_generation,1580283879.000000,7,1
29,t000233,14,social_turn,1580283969.000000,7,1
29,t000233,15,vague_request,1580284059.000000,7,1
29,t000233,16,pasted_context_dump,1580284149.000000,7,1
29,t000233,17,confirmation,1580284239.000000,7,1
29,t000234,1,vague_request,1579964631.000000,4,0
29,t000234,2,challenge_understanding,1579964721.000000,4,0
29,t000234,3,observations,1579964811.000000,4,0
29,t000234,4,non_sequitur,1579964901.000000,4,0
29,t000234,5,pasted_context_dump,1579964991.000000,4,0
29,t000234,6,non_sequitur,1579965081.000000,4,0
29,t000234,7,code_generation,1579965171.000000,4,0
29,t000234,8,confirmation,1579965261.000000,4,0
29,t000234,9,request_direction,1579965351.000000,4,0
29,t000234,10,direct_solution,1579965441.000000,4,0
29,t000234,11,debugging,1579965531.000000,4,0
30,t000235,1,social_turn,1584367881.000000,7,0
30,t000235,2,confusion,1584367971.000000,7,0
30,t000235,3,code_generation,1584368061.000000,7,0
30,t000235,4,observations,1584368151.000000,7,0
30,t000235,5,non_sequitur,1584368241.000000,7,0
30,t000235,6,help_request,1584368331.000000,7,0
30,t000235,7,confusion,1584368421.000000,7,0
30,t000235,8,code_generation,1584368511.000000,7,0
30,t000235,9,request_direction,1584368601.000000,7,0
30,t000235,10,help_request,1584368691.000000,7,0
30,t000235,11,observations,1584368781.000000,7,0
30,t000236,1,course_platform,1584032248.000000,6,1
30,t000236,2,pasted_context_dump,1584032338.000000,6,1
30,t000236,3,code_generation,1584032428.000000,6,1
30,t000236,4,observations,1584032518.000000,6,1
30,t000236,5,non_sequitur,1584032608.000000,6,1
30,t000236,6,confirmation,1584032698.000000,6,1
30,t000236,7,observations,1584032788.000000,6,1
30,t000236,8,code_generation,1584032878.000000,6,1
30,t000236,9,confusion,1584032968.000000,6,1
30,t000236,10,code_generation,1584033058.000000,6,1
30,t000236,11,confirmation,1584033148.000000,6,1
30,t000236,12,confirmation,1584033238.000000,6,1
30,t000236,13,concept_guidance_procedural,1584033328.000000,6,1
30,t000236,14,help_request,1584033418.000000,6,1
30,t000236,15,social_turn,1584033508.000000,6,1
30,t000236,16,help_request,1584033598.000000,6,1
30,t000237,1,concept_guidance_non_procedural,1585748423.000000,6,1
30,t000237,2,vague_request,1585748513.000000,6,1
30,t000237,3,code_generation,1585748603.000000,6,1
30,t000237,4,debugging,1585748693.000000,6,1
30,t000237,5,vague_request,1585748783.000000,6,1
30,t000237,6,help_request,1585748873.000000,6,1
30,t000237,7,confusion,1585748963.000000,6,1
30,t000237,8,challenge_understanding,1585749053.000000,6,1
30,t000237,9,social_turn,1585749143.000000,6,1
30,t000237,10,code_generation,1585749233.000000,6,1
30,t000237,11,non_sequitur,1585749323.000000,6,1
30,t000237,12,concept_guidance_non_procedural,1585749413.000000,6,1
30,t000237,13,course_platform,1585749503.000000,6,1
30,t000237,14,help_request,1585749593.000000,6,1
30,t000238,1,debugging,1585508967.000000,2,1
30,t000238,2,confusion,1585509057.000000,2,1
30,t000238,3,concept_guidance_non_procedural,1585509147.000000,2,1
30,t000238,4,debugging,1585509237.000000,2,1
30,t000238,5,direct_solution,1585509327.000000,2,1
30,t000238,6,confusion,1585509417.000000,2,1
30,t000238,7,code_generation,1585509507.000000,2,1
30,t000238,8,vague_request,1585509597.000000,2,1
30,t000238,9,observations,1585509687.000000,2,1
30,t000238,10,concept_guidance_procedural,1585509777.000000,2,1
30,t000238,11,pasted_context_dump,1585509867.000000,2,1
30,t000238,12,help_request,1585509957.000000,2,1
30,t000238,13,pasted_context_dump,1585510047.000000,2,1
30,t000238,14,code_generation,1585510137.000000,2,1
30,t000238,15,code_generation,1585510227.000000,2,1
30,t000238,16,challenge_understanding,1585510317.000000,2,1
30,t000238,17,non_sequitur,1585510407.000000,2,1
30,t000238,18,concept_guidance_non_procedural,1585510497.000000,2,1
30,t000238,19,concept_guidance_procedural,1585510587.000000,2,1
30,t000238,20,code_generation,1585510677.000000,2,1
30,t000238,21,course_platform,1585510767.000000,2,1
30,t000238,22,help_request,1585510857.000000,2,1
30,t000239,1,non_sequitur,1585368666.000000,2,1
30,t000239,2,vague_request,1585368756.000000,2,1
30,t000239,3,vague_request,1585368846.000000,2,1
30,t000239,4,challenge_understanding,1585368936.000000,2,1
30,t000239,5,confusion,1585369026.000000,2,1
30,t000239,6,concept_guidance_procedural,1585369116.000000,2,1
30,t000239,7,confirmation,1585369206.000000,2,1
30,t000239,8,direct_solution,1585369296.000000,2,1
30,t000239,9,non_sequitur,1585369386.000000,2,1
30,t000239,10,concept_guidance_non_procedural,1585369476.000000,2,1
30,t000240,1,help_request,1578897243.000000,9,1
30,t000240,2,confusion,1578897333.000000,9,1
30,t000240,3,challenge_understanding,1578897423.000000,9,1
30,t000240,4,direct_solution,1578897513.000000,9,1
30,t000240,5,pasted_context_dump,1578897603.000000,9,1
30,t000240,6,concept_guidance_non_procedural,1578897693.000000,9,1
30,t000240,7,pasted_context_dump,1578897783.000000,9,1
30,t000240,8,confusion,1578897873.000000,9,1
30,t000240,9,confirmation,1578897963.000000,9,1
30,t000240,10,course_platform,1578898053.000000,9,1
30,t000240,11,concept_guidance_non_procedural,1578898143.000000,9,1
30,t000240,12,social_turn,1578898233.000000,9,1
30,t000241,1,observations,1584938725.000000,4,1
30,t000241,2,confusion,1584938815.000000,4,1
30,t000241,3,challenge_understanding,1584938905.000000,4,1
30,t000242,1,vague_request,1584413266.000000,2,0
30,t000242,2,course_platform,1584413356.000000,2,0
30,t000242,3,confirmation,1584413446.000000,2,0
30,t000242,4,help_request,1584413536.000000,2,0
30,t000242,5,concept_guidance_procedural,1584413626.000000,2,0
30,t000242,6,observations,1584413716.000000,2,0
30,t000242,7,direct_solution,1584413806.000000,2,0
30,t000242,8,code_generation,1584413896.000000,2,0
30,t000242,9,course_platform,1584413986.000000,2,0
30,t000242,10,help_request,1584414076.000000,2,0
30,t000242,11,help_request,1584414166.000000,2,0
30,t000242,12,pasted_context_dump,1584414256.000000,2,0
30,t000242,13,vague_request,1584414346.000000,2,0
30,t000242,14,help_request,1584414436.000000,2,0
30,t000242,15,request_direction,1584414526.000000,2,0
30,t000243,1,social_turn,1577901880.000000,2,0
30,t000243,2,request_direction,1577901970.000000,2,0
30,t000243,3,request_direction,1577902060.000000,2,0
30,t000243,4,course_platform,1577902150.000000,2,0
31,t000244,1,help_request,1581246211.000000,8,1
31,t000244,2,request_direction,1581246301.000000,8,1
31,t000244,3,concept_guidance_non_procedural,1581246391.000000,8,1
31,t000244,4,social_turn,1581246481.000000,8,1
31,t000244,5,request_direction,1581246571.000000,8,1
31,t000244,6,debugging,1581246661.000000,8,1
31,t000244,7,concept_guidance_non_procedural,1581246751.000000,8,1
31,t000244,8,pasted_context_dump,1581246841.000000,8,1
31,t000244,9,debugging,1581246931.000000,8,1
31,t000244,10,observations,1581247021.000000,8,1
31,t000244,11,pasted_context_dump,1581247111.000000,8,1
31,t000244,12,concept_guidance_procedural,1581247201.000000,8,1
31,t000244,13,course_platform,1581247291.000000,8,1
31,t000244,14,challenge_understanding,1581247381.000000,8,1
31,t000245,1,direct_solution,1580733758.000000,6,1
31,t000245,2,direct_solution,1580733848.000000,6,1
31,t000245,3,debugging,1580733938.000000,6,1
31,t000245,4,non_sequitur,1580734028.000000,6,1
31,t000245,5,confirmation,1580734118.000000,6,1
31,t000245,6,social_turn,1580734208.000000,6,1
31,t000245,7,code_generation,1580734298.000000,6,1
31,t000245,8,observations,1580734388.000000,6,1
31,t000245,9,concept_guidance_non_procedural,1580734478.000000,6,1
31,t000246,1,concept_guidance_non_procedural,1584665081.000000,2,1
31,t000246,2,confirmation,1584665171.000000,2,1
31,t000246,3,non_sequitur,1584665261.000000,2,1
31,t000246,4,challenge_understanding,1584665351.000000,2,1
31,t000246,5,request_direction,1584665441.000000,2,1
31,t000246,6,pasted_context_dump,1584665531.000000,2,1
31,t000246,7,help_request,1584665621.000000,2,1
31,t000246,8,non_sequitur,1584665711.000000,2,1
31,t000246,9,concept_guidance_procedural,1584665801.000000,2,1
31,t000246,10,non_sequitur,1584665891.000000,2,1
31,t000246,11,vague_request,1584665981.000000,2,1
31,t000246,12,course_platform,1584666071.000000,2,1
31,t000246,13,concept_guidance_procedural,1584666161.000000,2,1
31,t000246,14,observations,1584666251.000000,2,1
31,t000246,15,confirmation,1584666341.000000,2,1
31,t000246,16,course_platform,1584666431.000000,2,1
31,t000246,17,course_platform,1584666521.000000,2,1
31,t000246,18,non_sequitur,1584666611.000000,2,1
31,t000246,19,observations,1584666701.000000,2,1
31,t000247,1,concept_guidance_non_procedural,1584500556.000000,4,0
31,t000247,2,confusion,1584500646.000000,4,0
31,t000247,3,non_sequitur,1584500736.000000,4,0
31,t000247,4,vague_request,1584500826.000000,4,0
31,t000247,5,confusion,1584500916.000000,4,0
31,t000247,6,direct_solution,1584501006.000000,4,0
31,t000247,7,non_sequitur,1584501096.000000,4,0
31,t000247,8,confirmation,1584501186.000000,4,0
31,t000247,9,code_generation,1584501276.000000,4,0
31,t000247,10,help_request,1584501366.000000,4,0
31,t000247,11,direct_solution,1584501456.000000,4,0
31,t000247,12,confirmation,1584501546.000000,4,0
31,t000247,13,social_turn,1584501636.000000,4,0
31,t000247,14,social_turn,1584501726.000000,4,0
31,t000247,15,course_platform,1584501816.000000,4,0
31,t000247,16,request_direction,1584501906.000000,4,0
31,t000247,17,course_platform,1584501996.000000,4,0
31,t000248,1,debugging,1581825373.000000,3,0
31,t000248,2,course_platform,1581825463.000000,3,0
31,t000249,1,non_sequitur,1583428846.000000,4,1
31,t000249,2,confusion,1583428936.000000,4,1
31,t000249,3,concept_guidance_non_procedural,1583429026.000000,4,1
31,t000249,4,confusion,1583429116.000000,4,1
31,t000249,5,challenge_understanding,1583429206.000000,4,1
31,t000249,6,debugging,1583429296.000000,4,1
31,t000249,7,request_direction,1583429386.000000,4,1
31,t000249,8,debugging,1583429476.000000,4,1
31,t000249,9,observations,1583429566.000000,4,1
31,t000249,10,concept_guidance_non_procedural,1583429656.000000,4,1
31,t000249,11,social_turn,1583429746.000000,4,1
31,t000249,12,concept_guidance_non_procedural,1583429836.000000,4,1
31,t000249,13,debugging,1583429926.000000,4,1
31,t000250,1,request_direction,1582796649.000000,6,1
31,t000250,2,request_direction,1582796739.000000,6,1
31,t000250,3,challenge_understanding,1582796829.000000,6,1
31,t000250,4,challenge_understanding,1582796919.000000,6,1
31,t000250,5,observations,1582797009.000000,6,1
31,t000250,6,challenge_understanding,1582797099.000000,6,1
31,t000250,7,observations,1582797189.000000,6,1
31,t000250,8,debugging,1582797279.000000,6,1
31,t000250,9,challenge_understanding,1582797369.000000,6,1
31,t000250,10,vague_request,1582797459.000000,6,1
31,t000250,11,help_request,1582797549.000000,6,1
31,t000250,12,concept_guidance_non_procedural,1582797639.000000,6,1
31,t000250,13,vague_request,1582797729.000000,6,1
31,t000250,14,confusion,1582797819.000000,6,1
31,t000250,15,concept_guidance_procedural,1582797909.000000,6,1
31,t000250,16,debugging,1582797999.000000,6,1
31,t000250,17,course_platform,1582798089.000000,6,1
31,t000250,18,request_direction,1582798179.000000,6,1
31,t000251,1,pasted_context_dump,1585503542.000000,7,0
31,t000251,2,code_generation,1585503632.000000,7,0
31,t000251,3,challenge_understanding,1585503722.000000,7,0
31,t000251,4,pasted_context_dump,1585503812.000000,7,0
31,t000251,5,course_platform,1585503902.000000,7,0
31,t000251,6,vague_request,1585503992.000000,7,0
31,t000251,7,request_direction,1585504082.000000,7,0
31,t000251,8,course_platform,1585504172.000000,7,0
31,t000251,9,observations,1585504262.000000,7,0
31,t000251,10,non_sequitur,1585504352.000000,7,0
31,t000251,11,request_direction,1585504442.000000,7,0
31,t000251,12,debugging,1585504532.000000,7,0
31,t000251,13,observations,1585504622.000000,7,0
31,t000251,14,direct_solution,1585504712.000000,7,0
31,t000251,15,concept_guidance_non_procedural,1585504802.000000,7,0
31,t000251,16,direct_solution,1585504892.000000,7,0
31,t000251,17,direct_solution,1585504982.000000,7,0
31,t000251,18,observations,1585505072.000000,7,0
31,t000252,1,pasted_context_dump,1585157231.000000,3,1
31,t000252,2,help_request,1585157321.000000,3,1
31,t000252,3,request_direction,1585157411.000000,3,1
31,t000252,4,code_generation,1585157501.000000,3,1
31,t000252,5,vague_request,1585157591.000000,3,1
31,t000252,6,confusion,1585157681.000000,3,1
31,t000252,7,confirmation,1585157771.000000,3,1
31,t000252,8,direct_solution,1585157861.000000,3,1
31,t000252,9,code_generation,1585157951.000000,3,1
31,t000252,10,request_direction,1585158041.000000,3,1
31,t000252,11,confusion,1585158131.000000,3,1
31,t000252,12,code_generation,1585158221.000000,3,1
31,t000252,13,confusion,1585158311.000000,3,1
31,t000252,14,concept_guidance_non_procedural,1585158401.000000,3,1
31,t000252,15,code_generation,1585158491.000000,3,1
31,t000252,16,confusion,1585158581.000000,3,1
31,t000252,17,request_direction,1585158671.000000,3,1
31,t000252,18,confirmation,1585158761.000000,3,1
31,t000252,19,confusion,1585158851.000000,3,1
32,t000253,1,concept_guidance_procedural,1579826869.000000,7,1
32,t000253,2,concept_guidance_non_procedural,1579826959.000000,7,1
32,t000253,3,debugging,1579827049.000000,7,1
32,t000253,4,help_request,1579827139.000000,7,1
32,t000253,5,challenge_understanding,1579827229.000000,7,1
32,t000253,6,request_direction,1579827319.000000,7,1
32,t000253,7,request_direction,1579827409.000000,7,1
32,t000253,8,help_request,1579827499.000000,7,1
32,t000253,9,concept_guidance_procedural,1579827589.000000,7,1
32,t000254,1,confusion,1584975570.000000,2,1
32,t000254,2,debugging,1584975660.000000,2,1
32,t000255,1,pasted_context_dump,1581858022.000000,4,1
32,t000255,2,help_request,1581858112.000000,4,1
32,t000255,3,debugging,1581858202.000000,4,1
32,t000255,4,course_platform,1581858292.000000,4,1
32,t000255,5,course_platform,1581858382.000000,4,1
32,t000255,6,debugging,1581858472.000000,4,1
32,t000255,7,concept_guidance_non_procedural,1581858562.000000,4,1
32,t000255,8,request_direction,1581858652.000000,4,1
32,t000255,9,pasted_context_dump,1581858742.000000,4,1
32,t000255,10,code_generation,1581858832.000000,4,1
32,t000255,11,course_platform,1581858922.000000,4,1
32,t000255,12,confirmation,1581859012.000000,4,1
32,t000255,13,concept_guidance_non_procedural,1581859102.000000,4,1
32,t000255,14,observations,1581859192.000000,4,1
32,t000255,15,challenge_understanding,1581859282.000000,4,1
32,t000256,1,course_platform,1583528346.000000,9,1
32,t000256,2,social_turn,1583528436.000000,9,1
32,t000256,3,concept_guidance_procedural,1583528526.000000,9,1
32,t000256,4,non_sequitur,1583528616.000000,9,1
32,t000256,5,pasted_context_dump,1583528706.000000,9,1
32,t000256,6,challenge_understanding,1583528796.000000,9,1
32,t000256,7,challenge_understanding,1583528886.000000,9,1
32,t000256,8,vague_request,1583528976.000000,9,1
32,t000256,9,direct_solution,1583529066.000000,9,1
32,t000256,10,non_sequitur,1583529156.000000,9,1
32,t000256,11,confirmation,1583529246.000000,9,1
32,t000256,12,observations,1583529336.000000,9,1
32,t000256,13,request_direction,1583529426.000000,9,1
32,t000256,14,confusion,1583529516.000000,9,1
32,t000256,15,code_generation,1583529606.000000,9,1
32,t000256,16,concept_guidance_non_procedural,1583529696.000000,9,1
32,t000256,17,debugging,1583529786.000000,9,1
32,t000256,18,social_turn,1583529876.000000,9,1
32,t000256,19,direct_solution,1583529966.000000,9,1
32,t000257,1,observations,1581042380.000000,4,1
32,t000257,2,vague_request,1581042470.000000,4,1
32,t000257,3,code_generation,1581042560.000000,4,1
32,t000257,4,confirmation,1581042650.000000,4,1
32,t000257,5,debugging,1581042740.000000,4,1
32,t000257,6,request_direction,1581042830.000000,4,1
32,t000257,7,non_sequitur,1581042920.000000,4,1
32,t000257,8,course_platform,1581043010.000000,4,1
32,t000257,9,confirmation,1581043100.000000,4,1
32,t000257,10,confusion,1581043190.000000,4,1
32,t000257,11,help_request,1581043280.000000,4,1
32,t000257,12,course_platform,1581043370.000000,4,1
32,t000258,1,direct_solution,1578979638.000000,2,0
32,t000258,2,confirmation,1578979728.000000,2,0
32,t000258,3,direct_solution,1578979818.000000,2,0
32,t000258,4,help_request,1578979908.000000,2,0
32,t000258,5,observations,1578979998.000000,2,0
32,t000258,6,direct_solution,1578980088.000000,2,0
32,t000258,7,non_sequitur,1578980178.000000,2,0
32,t000258,8,course_platform,1578980268.000000,2,0
33,t000259,1,debugging,1579408214.000000,9,0
33,t000259,2,vague_request,1579408304.000000,9,0
33,t000259,3,observations,1579408394.000000,9,0
33,t000259,4,debugging,1579408484.000000,9,0
33,t000259,5,help_request,1579408574.000000,9,0
33,t000259,6,vague_request,1579408664.000000,9,0
33,t000259,7,non_sequitur,1579408754.000000,9,0
33,t000259,8,direct_solution,1579408844.000000,9,0
33,t000259,9,confirmation,1579408934.000000,9,0
33,t000259,10,concept_guidance_procedural,1579409024.000000,9,0
33,t000259,11,challenge_understanding,1579409114.000000,9,0
33,t000259,12,observations,1579409204.000000,9,0
33,t000260,1,concept_guidance_non_procedural,1582277235.000000,2,1
33,t000260,2,request_direction,1582277325.000000,2,1
33,t000260,3,pasted_context_dump,1582277415.000000,2,1
33,t000260,4,social_turn,1582277505.000000,2,1
33,t000260,5,concept_guidance_procedural,1582277595.000000,2,1
33,t000260,6,social_turn,1582277685.000000,2,1
33,t000260,7,course_platform,1582277775.000000,2,1
33,t000260,8,pasted_context_dump,1582277865.000000,2,1
33,t000260,9,concept_guidance_procedural,1582277955.000000,2,1
33,t000260,10,concept_guidance_procedural,1582278045.000000,2,1
33,t000260,11,code_generation,1582278135.000000,2,1
33,t000260,12,pasted_context_dump,1582278225.000000,2,1
33,t000260,13,concept_guidance_procedural,1582278315.000000,2,1
33,t000260,14,challenge_understanding,1582278405.000000,2,1
33,t000260,15,direct_solution,1582278495.000000,2,1
33,t000260,16,code_generation,1582278585.000000,2,1
33,t000260,17,confusion,1582278675.000000,2,1
33,t000260,18,direct_solution,1582278765.000000,2,1
33,t000260,19,request_direction,1582278855.000000,2,1
33,t000261,1,debugging,1583755357.000000,3,0
33,t000261,2,confirmation,1583755447.000000,3,0
33,t000261,3,code_generation,1583755537.000000,3,0
33,t000261,4,social_turn,1583755627.000000,3,0
33,t000262,1,request_direction,1580887960.000000,1,0
33,t000262,2,concept_guidance_procedural,1580888050.000000,1,0
33,t000262,3,help_request,1580888140.000000,1,0
33,t000262,4,concept_guidance_procedural,1580888230.000000,1,0
33,t000262,5,debugging,1580888320.000000,1,0
33,t000262,6,challenge_understanding,1580888410.000000,1,0
33,t000262,7,course_platform,1580888500.000000,1,0
33,t000262,8,course_platform,1580888590.000000,1,0
33,t000262,9,confirmation,1580888680.000000,1,0
33,t000262,10,direct_solution,1580888770.000000,1,0
33,t000262,11,request_direction,1580888860.000000,1,0
33,t000262,12,confirmation,1580888950.000000,1,0
33,t000263,1,direct_solution,1578159101.000000,7,0
33,t000263,2,concept_guidance_non_procedural,1578159191.000000,7,0
33,t000263,3,non_sequitur,1578159281.000000,7,0
33,t000263,4,course_platform,1578159371.000000,7,0
33,t000263,5,request_direction,1578159461.000000,7,0
33,t000263,6,social_turn,1578159551.000000,7,0
33,t000263,7,social_turn,1578159641.000000,7,0
33,t000263,8,concept_guidance_procedural,1578159731.000000,7,0
33,t000263,9,confusion,1578159821.000000,7,0
33,t000264,1,direct_solution,1578738809.000000,2,0
33,t000264,2,challenge_understanding,1578738899.000000,2,0
33,t000264,3,course_platform,1578738989.000000,2,0
33,t000264,4,vague_request,1578739079.000000,2,0
33,t000264,5,concept_guidance_non_procedural,1578739169.000000,2,0
33,t000264,6,course_platform,1578739259.000000,2,0
33,t000264,7,request_direction,1578739349.000000,2,0
33,t000264,8,code_generation,1578739439.000000,2,0
33,t000264,9,non_sequitur,1578739529.000000,2,0
33,t000264,10,confirmation,1578739619.000000,2,0
33,t000264,11,direct_solution,1578739709.000000,2,0
33,t000264,12,confusion,1578739799.000000,2,0
33,t000264,13,code_generation,1578739889.000000,2,0
33,t000264,14,confusion,1578739979.000000,2,0
33,t000265,1,observations,1584473937.000000,4,0
33,t000265,2,course_platform,1584474027.000000,4,0
33,t000265,3,confirmation,1584474117.000000,4,0
33,t000265,4,observations,1584474207.000000,4,0
33,t000265,5,vague_request,1584474297.000000,4,0
33,t000265,6,confusion,1584474387.000000,4,0
33,t000265,7,pasted_context_dump,1584474477.000000,4,0
33,t000265,8,direct_solution,1584474567.000000,4,0
33,t000265,9,debugging,1584474657.000000,4,0
33,t000265,10,challenge_understanding,1584474747.000000,4,0
33,t000265,11,concept_guidance_non_procedural,1584474837.000000,4,0
33,t000265,12,observations,1584474927.000000,4,0
33,t000265,13,vague_request,1584475017.000000,4,0
33,t000265,14,confirmation,1584475107.000000,4,0
33,t000265,15,debugging,1584475197.000000,4,0
33,t000265,16,challenge_understanding,1584475287.000000,4,0
33,t000265,17,code_generation,1584475377.000000,4,0
33,t000265,18,observations,1584475467.000000,4,0
33,t000265,19,pasted_context_dump,1584475557.000000,4,0
34,t000266,1,non_sequitur,1584369483.000000,6,1
34,t000266,2,vague_request,1584369573.000000,6,1
34,t000266,3,request_direction,1584369663.000000,6,1
34,t000266,4,social_turn,1584369753.000000,6,1
34,t000266,5,help_request,1584369843.000000,6,1
34,t000266,6,request_direction,1584369933.000000,6,1
34,t000266,7,course_platform,1584370023.000000,6,1
34,t000266,8,vague_request,1584370113.000000,6,1
34,t000266,9,request_direction,1584370203.000000,6,1
34,t000266,10,observations,1584370293.000000,6,1
34,t000266,11,vague_request,1584370383.000000,6,1
34,t000266,12,social_turn,1584370473.000000,6,1
34,t000267,1,confirmation,1579553949.000000,8,1
34,t000267,2,confusion,1579554039.000000,8,1
34,t000267,3,concept_guidance_non_procedural,1579554129.000000,8,1
34,t000267,4,course_platform,1579554219.000000,8,1
34,t000267,5,direct_solution,1579554309.000000,8,1
34,t000267,6,pasted_context_dump,1579554399.000000,8,1
34,t000267,7,observations,1579554489.000000,8,1
34,t000267,8,confirmation,1579554579.000000,8,1
34,t000267,9,confusion,1579554669.000000,8,1
34,t000268,1,confirmation,1584831369.000000,1,0
34,t000268,2,direct_solution,1584831459.000000,1,0
34,t000268,3,course_platform,1584831549.000000,1,0
34,t000268,4,request_direction,1584831639.000000,1,0
34,t000269,1,code_generation,1580116471.000000,8,0
34,t000269,2,course_platform,1580116561.000000,8,0
34,t000269,3,concept_guidance_non_procedural,1580116651.000000,8,0
34,t000269,4,request_direction,1580116741.000000,8,0
34,t000269,5,social_turn,1580116831.000000,8,0
34,t000269,6,social_turn,1580116921.000000,8,0
34,t000269,7,help_request,1580117011.000000,8,0
34,t000269,8,vague_request,1580117101.000000,8,0
34,t000269,9,course_platform,1580117191.000000,8,0
34,t000269,10,confusion,1580117281.000000,8,0
34,t000269,11,debugging,1580117371.000000,8,0
34,t000269,12,confusion,1580117461.000000,8,0
34,t000269,13,confusion,1580117551.000000,8,0
34,t000269,14,observations,1580117641.000000,8,0
34,t000269,15,pasted_context_dump,1580117731.000000,8,0
34,t000270,1,concept_guidance_procedural,1585696631.000000,1,0
34,t000270,2,pasted_context_dump,1585696721.000000,1,0
34,t000270,3,vague_request,1585696811.000000,1,0
34,t000270,4,pasted_context_dump,1585696901.000000,1,0
34,t000270,5,code_generation,1585696991.000000,1,0
34,t000270,6,help_request,1585697081.000000,1,0
34,t000270,7,debugging,1585697171.000000,1,0
34,t000270,8,code_generation,1585697261.000000,1,0
34,t000270,9,concept_guidance_procedural,1585697351.000000,1,0
34,t000270,10,course_platform,1585697441.000000,1,0
34,t000270,11,non_sequitur,1585697531.000000,1,0
34,t000270,12,concept_guidance_non_procedural,1585697621.000000,1,0
34,t000270,13,vague_request,1585697711.000000,1,0
34,t000270,14,social_turn,1585697801.000000,1,0
34,t000270,15,code_generation,1585697891.000000,1,0
34,t000270,16,pasted_context_dump,1585697981.000000,1,0
34,t000270,17,challenge_understanding,1585698071.000000,1,0
34,t000270,18,challenge_understanding,1585698161.000000,1,0
34,t000270,19,social_turn,1585698251.000000,1,0
34,t000270,20,confirmation,1585698341.000000,1,0
34,t000270,21,social_turn,1585698431.000000,1,0
34,t000270,22,concept_guidance_non_procedural,1585698521.000000,1,0
34,t000271,1,request_direction,1581906383.000000,9,1
34,t000271,2,help_request,1581906473.000000,9,1
34,t000271,3,help_request,1581906563.000000,9,1
34,t000271,4,concept_guidance_procedural,1581906653.000000,9,1
34,t000271,5,vague_request,1581906743.000000,9,1
34,t000271,6,observations,1581906833.000000,9,1
34,t000271,7,challenge_understanding,1581906923.000000,9,1
34,t000271,8,pasted_context_dump,1581907013.000000,9,1
34,t000271,9,challenge_understanding,1581907103.000000,9,1
34,t000271,10,concept_guidance_non_procedural,1581907193.000000,9,1
34,t000271,11,help_request,1581907283.000000,9,1
34,t000271,12,concept_guidance_procedural,1581907373.000000,9,1
34,t000271,13,request_direction,1581907463.000000,9,1
34,t000271,14,concept_guidance_procedural,1581907553.000000,9,1
34,t000271,15,challenge_understanding,1581907643.000000,9,1
34,t000271,16,concept_guidance_non_procedural,1581907733.000000,9,1
34,t000271,17,debugging,1581907823.000000,9,1
34,t000271,18,course_platform,1581907913.000000,9,1
34,t000271,19,non_sequitur,1581908003.000000,9,1
34,t000271,20,concept_guidance_non_procedural,1581908093.000000,9,1
34,t000271,21,concept_guidance_non_procedural,1581908183.000000,9,1
34,t000271,22,concept_guidance_procedural,1581908273.000000,9,1
34,t000272,1,concept_guidance_non_procedural,1578757548.000000,8,1
34,t000272,2,concept_guidance_non_procedural,1578757638.000000,8,1
34,t000272,3,help_request,1578757728.000000,8,1
34,t000272,4,direct_solution,1578757818.000000,8,1
34,t000272,5,social_turn,1578757908.000000,8,1
34,t000272,6,debugging,1578757998.000000,8,1
34,t000272,7,observations,1578758088.000000,8,1
34,t000273,1,social_turn,1578631222.000000,5,0
34,t000273,2,request_direction,1578631312.000000,5,0
34,t000273,3,non_sequitur,1578631402.000000,5,0
34,t000273,4,help_request,1578631492.000000,5,0
34,t000273,5,concept_guidance_procedural,1578631582.000000,5,0
34,t000273,6,concept_guidance_non_procedural,1578631672.000000,5,0
34,t000273,7,concept_guidance_non_procedural,1578631762.000000,5,0
34,t000273,8,non_sequitur,1578631852.000000,5,0
34,t000273,9,challenge_understanding,1578631942.000000,5,0
34,t000273,10,observations,1578632032.000000,5,0
34,t000273,11,direct_solution,1578632122.000000,5,0
34,t000273,12,confusion,1578632212.000000,5,0
34,t000273,13,direct_solution,1578632302.000000,5,0
34,t000273,14,code_generation,1578632392.000000,5,0
34,t000273,15,observations,1578632482.000000,5,0
34,t000274,1,confusion,1582094036.000000,4,1
34,t000274,2,course_platform,1582094126.000000,4,1
34,t000275,1,request_direction,1578195584.000000,6,0
34,t000275,2,confirmation,1578195674.000000,6,0
34,t000275,3,non_sequitur,1578195764.000000,6,0
34,t000275,4,concept_guidance_non_procedural,1578195854.000000,6,0
34,t000275,5,code_generation,1578195944.000000,6,0
34,t000275,6,request_direction,1578196034.000000,6,0
34,t000275,7,pasted_context_dump,1578196124.000000,6,0
34,t000275,8,observations,1578196214.000000,6,0
34,t000275,9,code_generation,1578196304.000000,6,0
35,t000276,1,help_request,1578972457.000000,4,1
35,t000276,2,course_platform,1578972547.000000,4,1
35,t000276,3,confirmation,1578972637.000000,4,1
35,t000276,4,direct_solution,1578972727.000000,4,1
35,t000276,5,confirmation,1578972817.000000,4,1
35,t000276,6,debugging,1578972907.000000,4,1
35,t000277,1,debugging,1580212638.000000,3,1
35,t000277,2,confirmation,1580212728.000000,3,1
35,t000277,3,non_sequitur,1580212818.000000,3,1
35,t000277,4,confirmation,1580212908.000000,3,1
35,t000278,1,challenge_understanding,1585576353.000000,7,1
35,t000278,2,confirmation,1585576443.000000,7,1
35,t000278,3,request_direction,1585576533.000000,7,1
35,t000278,4,code_generation,1585576623.000000,7,1
35,t000278,5,code_generation,1585576713.000000,7,1
35,t000278,6,course_platform,1585576803.000000,7,1
35,t000279,1,debugging,1585378650.000000,8,1
35,t000279,2,confusion,1585378740.000000,8,1
35,t000279,3,direct_solution,1585378830.000000,8,1
35,t000279,4,challenge_understanding,1585378920.000000,8,1
35,t000279,5,request_direction,1585379010.000000,8,1
35,t000279,6,non_sequitur,1585379100.000000,8,1
35,t000279,7,direct_solution,1585379190.000000,8,1
35,t000279,8,observations,1585379280.000000,8,1
35,t000279,9,concept_guidance_non_procedural,1585379370.000000,8,1
35,t000279,10,direct_solution,1585379460.000000,8,1
35,t000279,11,social_turn,1585379550.000000,8,1
35,t000279,12,vague_request,1585379640.000000,8,1
35,t000279,13,social_turn,1585379730.000000,8,1
35,t000279,14,observations,1585379820.000000,8,1
35,t000279,15,concept_guidance_non_procedural,1585379910.000000,8,1
35,t000280,1,concept_guidance_non_procedural,1582730689.000000,2,0
35,t000280,2,confirmation,1582730779.000000,2,0
35,t000281,1,request_direction,1582029935.000000,1,0
35,t000281,2,challenge_understanding,1582030025.000000,1,0
35,t000281,3,confirmation,1582030115.000000,1,0
35,t000281,4,direct_solution,1582030205.000000,1,0
35,t000281,5,observations,1582030295.000000,1,0
35,t000281,6,social_turn,1582030385.000000,1,0
35,t000281,7,request_direction,1582030475.000000,1,0
35,t000281,8,social_turn,1582030565.000000,1,0
35,t000281,9,concept_guidance_procedural,1582030655.000000,1,0
35,t000282,1,vague_request,1580141112.000000,1,0
35,t000282,2,debugging,1580141202.000000,1,0
35,t000282,3,debugging,1580141292.000000,1,0
35,t000282,4,confirmation,1580141382.000000,1,0
35,t000282,5,vague_request,1580141472.000000,1,0
35,t000282,6,course_platform,1580141562.000000,1,0
35,t000282,7,pasted_context_dump,1580141652.000000,1,0
35,t000282,8,help_request,1580141742.000000,1,0
35,t000282,9,request_direction,1580141832.000000,1,0
35,t000282,10,challenge_understanding,1580141922.000000,1,0
35,t000282,11,direct_solution,1580142012.000000,1,0
35,t000282,12,confusion,1580142102.000000,1,0
35,t000282,13,debugging,1580142192.000000,1,0
35,t000282,14,code_generation,1580142282.000000,1,0
35,t000283,1,request_direction,1579760691.000000,5,0
35,t000283,2,challenge_understanding,1579760781.000000,5,0
35,t000283,3,pasted_context_dump,1579760871.000000,5,0
35,t000283,4,concept_guidance_procedural,1579760961.000000,5,0
35,t000283,5,concept_guidance_non_procedural,1579761051.000000,5,0
35,t000283,6,confirmation,1579761141.000000,5,0
35,t000283,7,direct_solution,1579761231.000000,5,0
35,t000284,1,vague_request,1580240817.000000,5,1
35,t000284,2,request_direction,1580240907.000000,5,1
35,t000284,3,observations,1580240997.000000,5,1
35,t000284,4,debugging,1580241087.000000,5,1
35,t000284,5,non_sequitur,1580241177.000000,5,1
35,t000284,6,confirmation,1580241267.000000,5,1
35,t000284,7,confusion,1580241357.000000,5,1
35,t000284,8,confirmation,1580241447.000000,5,1
35,t000284,9,observations,1580241537.000000,5,1
36,t000285,1,concept_guidance_procedural,1585588245.000000,1,1
36,t000285,2,help_request,1585588335.000000,1,1
36,t000285,3,direct_solution,1585588425.000000,1,1
36,t000285,4,debugging,1585588515.000000,1,1
36,t000285,5,confirmation,1585588605.000000,1,1
36,t000285,6,help_request,1585588695.000000,1,1
36,t000285,7,code_generation,1585588785.000000,1,1
36,t000285,8,social_turn,1585588875.000000,1,1
36,t000285,9,confirmation,1585588965.000000,1,1
36,t000285,10,confirmation,1585589055.000000,1,1
36,t000285,11,non_sequitur,1585589145.000000,1,1
36,t000285,12,confirmation,1585589235.000000,1,1
36,t000285,13,direct_solution,1585589325.000000,1,1
36,t000285,14,observations,1585589415.000000,1,1
36,t000285,15,concept_guidance_procedural,1585589505.000000,1,1
36,t000285,16,request_direction,1585589595.000000,1,1
36,t000285,17,code_generation,1585589685.000000,1,1
36,t000285,18,observations,1585589775.000000,1,1
36,t000285,19,confusion,1585589865.000000,1,1
36,t000286,1,concept_guidance_procedural,1584347516.000000,8,1
36,t000286,2,confusion,1584347606.000000,8,1
36,t000286,3,direct_solution,1584347696.000000,8,1
36,t000286,4,direct_solution,1584347786.000000,8,1
36,t000286,5,concept_guidance_non_procedural,1584347876.000000,8,1
36,t000286,6,direct_solution,1584347966.000000,8,1
36,t000286,7,course_platform,1584348056.000000,8,1
36,t000286,8,pasted_context_dump,1584348146.000000,8,1
36,t000286,9,code_generation,1584348236.000000,8,1
36,t000286,10,course_platform,1584348326.000000,8,1
36,t000286,11,help_request,1584348416.000000,8,1
36,t000286,12,observations,1584348506.000000,8,1
36,t000287,1,direct_solution,1585060853.000000,7,1
36,t000287,2,concept_guidance_procedural,1585060943.000000,7,1
36,t000288,1,confusion,1581731506.000000,2,1
36,t000288,2,concept_guidance_procedural,1581731596.000000,2,1
36,t000288,3,social_turn,1581731686.000000,2,1
36,t000288,4,concept_guidance_procedural,1581731776.000000,2,1
36,t000288,5,challenge_understanding,1581731866.000000,2,1
36,t000288,6,vague_request,1581731956.000000,2,1
36,t000288,7,vague_request,1581732046.000000,2,1
36,t000288,8,pasted_context_dump,1581732136.000000,2,1
36,t000288,9,course_platform,1581732226.000000,2,1
36,t000288,10,code_generation,1581732316.000000,2,1
36,t000288,11,request_direction,1581732406.000000,2,1
36,t000288,12,concept_guidance_non_procedural,1581732496.000000,2,1
36,t000289,1,non_sequitur,1581891705.000000,2,0
36,t000289,2,concept_guidance_procedural,1581891795.000000,2,0
36,t000289,3,confusion,1581891885.000000,2,0
36,t000289,4,course_platform,1581891975.000000,2,0
36,t000289,5,challenge_understanding,1581892065.000000,2,0
36,t000289,6,direct_solution,1581892155.000000,2,0
36,t000289,7,vague_request,1581892245.000000,2,0
36,t000289,8,concept_guidance_procedural,1581892335.000000,2,0
36,t000289,9,debugging,1581892425.000000,2,0
36,t000289,10,confusion,1581892515.000000,2,0
36,t000289,11,vague_request,1581892605.000000,2,0
36,t000290,1,code_generation,1584945697.000000,8,1
36,t000290,2,help_request,1584945787.000000,8,1
36,t000290,3,observations,1584945877.000000,8,1
36,t000290,4,observations,1584945967.000000,8,1
36,t000290,5,concept_guidance_procedural,1584946057.000000,8,1
36,t000290,6,help_request,1584946147.000000,8,1
36,t000290,7,confusion,1584946237.000000,8,1
36,t000290,8,observations,1584946327.000000,8,1
36,t000290,9,help_request,1584946417.000000,8,1
36,t000290,10,social_turn,1584946507.000000,8,1
36,t000290,11,course_platform,1584946597.000000,8,1
36,t000291,1,social_turn,1577900327.000000,5,0
36,t000291,2,pasted_context_dump,1577900417.000000,5,0
36,t000291,3,request_direction,1577900507.000000,5,0
36,t000291,4,confirmation,1577900597.000000,5,0
36,t000291,5,non_sequitur,1577900687.000000,5,0
36,t000291,6,observations,1577900777.000000,5,0
36,t000291,7,request_direction,1577900867.000000,5,0
36,t000291,8,concept_guidance_non_procedural,1577900957.000000,5,0
36,t000291,9,confirmation,1577901047.000000,5,0
36,t000291,10,code_generation,1577901137.000000,5,0
36,t000291,11,challenge_understanding,1577901227.000000,5,0
36,t000291,12,pasted_context_dump,1577901317.000000,5,0
36,t000291,13,social_turn,1577901407.000000,5,0
36,t000291,14,confusion,1577901497.000000,5,0
36,t000291,15,code_generation,1577901587.000000,5,0
36,t000291,16,social_turn,1577901677.000000,5,0
36,t000291,17,debugging,1577901767.000000,5,0
36,t000291,18,social_turn,1577901857.000000,5,0
36,t000291,19,help_request,1577901947.000000,5,0
36,t000291,20,vague_request,1577902037.000000,5,0
36,t000291,21,observations,1577902127.000000,5,0
36,t000291,22,code_generation,1577902217.000000,5,0
37,t000292,1,concept_guidance_procedural,1580086688.000000,9,0
37,t000292,2,pasted_context_dump,1580086778.000000,9,0
37,t000292,3,vague_request,1580086868.000000,9,0
37,t000292,4,request_direction,1580086958.000000,9,0
37,t000292,5,confirmation,1580087048.000000,9,0
37,t000292,6,course_platform,1580087138.000000,9,0
37,t000292,7,challenge_understanding,1580087228.000000,9,0
37,t000292,8,social_turn,1580087318.000000,9,0
37,t000293,1,confirmation,1581133681.000000,1,0
37,t000293,2,request_direction,1581133771.000000,1,0
37,t000293,3,social_turn,1581133861.000000,1,0
37,t000293,4,course_platform,1581133951.000000,1,0
37,t000293,5,course_platform,1581134041.000000,1,0
37,t000293,6,course_platform,1581134131.000000,1,0
37,t000293,7,direct_solution,1581134221.000000,1,0
37,t000293,8,social_turn,1581134311.000000,1,0
37,t000294,1,help_request,1577895197.000000,9,1
37,t000294,2,non_sequitur,1577895287.000000,9,1
37,t000294,3,observations,1577895377.000000,9,1
37,t000294,4,concept_guidance_non_procedural,1577895467.000000,9,1
37,t000294,5,challenge_understanding,1577895557.000000,9,1
37,t000294,6,non_sequitur,1577895647.000000,9,1
37,t000294,7,course_platform,1577895737.000000,9,1
37,t000294,8,request_direction,1577895827.000000,9,1
37,t000294,9,request_direction,1577895917.000000,9,1
37,t000295,1,concept_guidance_procedural,1581509621.000000,5,1
37,t000295,2,concept_guidance_non_procedural,1581509711.000000,5,1
37,t000295,3,observations,1581509801.000000,5,1
37,t000295,4,request_direction,1581509891.000000,5,1
37,t000295,5,concept_guidance_procedural,1581509981.000000,5,1
37,t000295,6,observations,1581510071.000000,5,1
37,t000295,7,non_sequitur,1581510161.000000,5,1
37,t000295,8,vague_request,1581510251.000000,5,1
37,t000295,9,observations,1581510341.000000,5,1
37,t000295,10,course_platform,1581510431.000000,5,1
37,t000296,1,vague_request,1581119379.000000,4,1
37,t000296,2,concept_guidance_procedural,1581119469.000000,4,1
37,t000296,3,challenge_understanding,1581119559.000000,4,1
37,t000296,4,pasted_context_dump,1581119649.000000,4,1
37,t000296,5,course_platform,1581119739.000000,4,1
37,t000296,6,pasted_context_dump,1581119829.000000,4,1
37,t000296,7,help_request,1581119919.000000,4,1
37,t000297,1,vague_request,1577949016.000000,8,0
37,t000297,2,request_direction,1577949106.000000,8,0
37,t000297,3,social_turn,1577949196.000000,8,0
37,t000297,4,observations,1577949286.000000,8,0
37,t000297,5,course_platform,1577949376.000000,8,0
37,t000297,6,challenge_understanding,1577949466.000000,8,0
37,t000297,7,direct_solution,1577949556.000000,8,0
37,t000297,8,code_generation,1577949646.000000,8,0
37,t000297,9,concept_guidance_non_procedural,1577949736.000000,8,0
37,t000297,10,help_request,1577949826.000000,8,0
37,t000297,11,social_turn,1577949916.000000,8,0
37,t000297,12,direct_solution,1577950006.000000,8,0
37,t000297,13,confirmation,1577950096.000000,8,0
37,t000297,14,request_direction,1577950186.000000,8,0
37,t000297,15,non_sequitur,1577950276.000000,8,0
37,t000297,16,concept_guidance_procedural,1577950366.000000,8,0
37,t000297,17,pasted_context_dump,1577950456.000000,8,0
37,t000297,18,concept_guidance_non_procedural,1577950546.000000,8,0
37,t000297,19,code_generation,1577950636.000000,8,0
37,t000298,1,confusion,1583947271.000000,3,0
37,t000298,2,concept_guidance_non_procedural,1583947361.000000,3,0
37,t000298,3,request_direction,1583947451.000000,3,0
37,t000298,4,non_sequitur,1583947541.000000,3,0
37,t000299,1,confusion,1585108280.000000,7,1
37,t000299,2,pasted_context_dump,1585108370.000000,7,1
37,t000299,3,social_turn,1585108460.000000,7,1
37,t000299,4,social_turn,1585108550.000000,7,1
37,t000299,5,course_platform,1585108640.000000,7,1
37,t000300,1,social_turn,1577916035.000000,9,1
37,t000300,2,vague_request,1577916125.000000,9,1
37,t000300,3,code_generation,1577916215.000000,9,1
38,t000301,1,course_platform,1581848366.000000,9,0
38,t000301,2,code_generation,1581848456.000000,9,0
38,t000301,3,direct_solution,1581848546.000000,9,0
38,t000301,4,vague_request,1581848636.000000,9,0
38,t000301,5,non_sequitur,1581848726.000000,9,0
38,t000301,6,request_direction,1581848816.000000,9,0
38,t000301,7,pasted_context_dump,1581848906.000000,9,0
38,t000301,8,pasted_context_dump,1581848996.000000,9,0
38,t000301,9,concept_guidance_non_procedural,1581849086.000000,9,0
38,t000301,10,observations,1581849176.000000,9,0
38,t000301,11,direct_solution,1581849266.000000,9,0
38,t000301,12,non_sequitur,1581849356.000000,9,0
38,t000301,13,vague_request,1581849446.000000,9,0
38,t000302,1,challenge_understanding,1583182604.000000,1,1
38,t000302,2,help_request,1583182694.000000,1,1
38,t000302,3,confirmation,1583182784.000000,1,1
38,t000302,4,confusion,1583182874.000000,1,1
38,t000302,5,social_turn,1583182964.000000,1,1
38,t000302,6,concept_guidance_non_procedural,1583183054.000000,1,1
38,t000302,7,vague_request,1583183144.000000,1,1
38,t000302,8,pasted_context_dump,1583183234.000000,1,1
38,t000302,9,confirmation,1583183324.000000,1,1
38,t000302,10,course_platform,1583183414.000000,1,1
38,t000302,11,course_platform,1583183504.000000,1,1
38,t000302,12,confusion,1583183594.000000,1,1
38,t000302,13,concept_guidance_procedural,1583183684.000000,1,1
38,t000302,14,social_turn,1583183774.000000,1,1
38,t000302,15,vague_request,1583183864.000000,1,1
38,t000303,1,observations,1579665681.000000,1,1
38,t000303,2,non_sequitur,1579665771.000000,1,1
38,t000303,3,request_direction,1579665861.000000,1,1
38,t000303,4,non_sequitur,1579665951.000000,1,1
38,t000303,5,pasted_context_dump,1579666041.000000,1,1
38,t000303,6,pasted_context_dump,1579666131.000000,1,1
38,t000303,7,concept_guidance_non_procedural,1579666221.000000,1,1
38,t000303,8,code_generation,1579666311.000000,1,1
38,t000303,9,non_sequitur,1579666401.000000,1,1
38,t000303,10,observations,1579666491.000000,1,1
38,t000303,11,debugging,1579666581.000000,1,1
38,t000303,12,help_request,1579666671.000000,1,1
38,t000303,13,pasted_context_dump,1579666761.000000,1,1
38,t000303,14,observations,1579666851.000000,1,1
38,t000303,15,concept_guidance_non_procedural,1579666941.000000,1,1
38,t000303,16,non_sequitur,1579667031.000000,1,1
38,t000303,17,confirmation,1579667121.000000,1,1
38,t000303,18,debugging,1579667211.000000,1,1
38,t000303,19,help_request,1579667301.000000,1,1
38,t000303,20,confusion,1579667391.000000,1,1
38,t000304,1,direct_solution,1580188781.000000,7,1
38,t000304,2,code_generation,1580188871.000000,7,1
38,t000304,3,confirmation,1580188961.000000,7,1
38,t000304,4,social_turn,1580189051.000000,7,1
38,t000304,5,debugging,1580189141.000000,7,1
38,t000304,6,code_generation,1580189231.000000,7,1
38,t000304,7,request_direction,1580189321.000000,7,1
38,t000304,8,debugging,1580189411.000000,7,1
38,t000304,9,request_direction,1580189501.000000,7,1
38,t000305,1,direct_solution,1580922018.000000,9,1
38,t000305,2,direct_solution,1580922108.000000,9,1
38,t000305,3,pasted_context_dump,1580922198.000000,9,1
38,t000305,4,concept_guidance_procedural,1580922288.000000,9,1
38,t000305,5,help_request,1580922378.000000,9,1
38,t000305,6,challenge_understanding,1580922468.000000,9,1
38,t000305,7,vague_request,1580922558.000000,9,1
38,t000305,8,concept_guidance_procedural,1580922648.000000,9,1
38,t000305,9,confusion,1580922738.000000,9,1
38,t000305,10,pasted_context_dump,1580922828.000000,9,1
38,t000305,11,request_direction,1580922918.000000,9,1
38,t000305,12,observations,1580923008.000000,9,1
38,t000305,13,challenge_understanding,1580923098.000000,9,1
38,t000305,14,course_platform,1580923188.000000,9,1
38,t000305,15,challenge_understanding,1580923278.000000,9,1
38,t000305,16,vague_request,1580923368.000000,9,1
38,t000305,17,course_platform,1580923458.000000,9,1
38,t000305,18,pasted_context_dump,1580923548.000000,9,1
38,t000305,19,course_platform,1580923638.000000,9,1
38,t000305,20,code_generation,1580923728.000000,9,1
38,t000305,21,concept_guidance_procedural,1580923818.000000,9,1
38,t000305,22,direct_solution,1580923908.000000,9,1
38,t000306,1,social_turn,1579692310.000000,5,1
38,t000306,2,social_turn,1579692400.000000,5,1
38,t000306,3,observations,1579692490.000000,5,1
38,t000306,4,help_request,1579692580.000000,5,1
38,t000306,5,confirmation,1579692670.000000,5,1
38,t000306,6,non_sequitur,1579692760.000000,5,1
38,t000306,7,concept_guidance_non_procedural,1579692850.000000,5,1
38,t000306,8,debugging,1579692940.000000,5,1
38,t000306,9,confirmation,1579693030.000000,5,1
38,t000306,10,debugging,1579693120.000000,5,1
38,t000306,11,observations,1579693210.000000,5,1
38,t000306,12,confirmation,1579693300.000000,5,1
38,t000306,13,concept_guidance_procedural,1579693390.000000,5,1
38,t000306,14,social_turn,1579693480.000000,5,1
38,t000306,15,concept_guidance_non_procedural,1579693570.000000,5,1
38,t000306,16,confirmation,1579693660.000000,5,1
38,t000306,17,confusion,1579693750.000000,5,1
38,t000306,18,request_direction,1579693840.000000,5,1
38,t000306,19,code_generation,1579693930.000000,5,1
39,t000307,1,non_sequitur,1581192570.000000,1,0
39,t000307,2,direct_solution,1581192660.000000,1,0
39,t000307,3,social_turn,1581192750.000000,1,0
39,t000307,4,non_sequitur,1581192840.000000,1,0
39,t000307,5,concept_guidance_procedural,1581192930.000000,1,0
39,t000307,6,concept_guidance_non_procedural,1581193020.000000,1,0
39,t000307,7,course_platform,1581193110.000000,1,0
39,t000307,8,request_direction,1581193200.000000,1,0
39,t000307,9,confirmation,1581193290.000000,1,0
39,t000307,10,concept_guidance_procedural,1581193380.000000,1,0
39,t000307,11,request_direction,1581193470.000000,1,0
39,t000307,12,vague_request,1581193560.000000,1,0
39,t000307,13,challenge_understanding,1581193650.000000,1,0
39,t000307,14,confusion,1581193740.000000,1,0
39,t000307,15,concept_guidance_procedural,1581193830.000000,1,0
39,t000307,16,debugging,1581193920.000000,1,0
39,t000308,1,pasted_context_dump,1578957873.000000,3,1
39,t000308,2,help_request,1578957963.000000,3,1
39,t000308,3,non_sequitur,1578958053.000000,3,1
39,t000308,4,vague_request,1578958143.000000,3,1
39,t000308,5,concept_guidance_procedural,1578958233.000000,3,1
39,t000308,6,vague_request,1578958323.000000,3,1
39,t000308,7,confirmation,1578958413.000000,3,1
39,t000308,8,challenge_understanding,1578958503.000000,3,1
39,t000308,9,help_request,1578958593.000000,3,1
39,t000308,10,course_platform,1578958683.000000,3,1
39,t000308,11,confusion,1578958773.000000,3,1
39,t000308,12,debugging,1578958863.000000,3,1
39,t000308,13,confirmation,1578958953.000000,3,1
39,t000308,14,pasted_context_dump,1578959043.000000,3,1
39,t000308,15,observations,1578959133.000000,3,1
39,t000308,16,observations,1578959223.000000,3,1
39,t000308,17,help_request,1578959313.000000,3,1
39,t000308,18,course_platform,1578959403.000000,3,1
39,t000309,1,challenge_understanding,1582284475.000000,4,0
39,t000309,2,confirmation,1582284565.000000,4,0
39,t000309,3,social_turn,1582284655.000000,4,0
39,t000309,4,direct_solution,1582284745.000000,4,0
39,t000309,5,confirmation,1582284835.000000,4,0
39,t000309,6,observations,1582284925.000000,4,0
39,t000309,7,confirmation,1582285015.000000,4,0
39,t000309,8,course_platform,1582285105.000000,4,0
39,t000309,9,non_sequitur,1582285195.000000,4,0
39,t000309,10,vague_request,1582285285.000000,4,0
39,t000309,11,confusion,1582285375.000000,4,0
39,t000309,12,confirmation,1582285465.000000,4,0
39,t000309,13,concept_guidance_non_procedural,1582285555.000000,4,0
39,t000309,14,vague_request,1582285645.000000,4,0
39,t000309,15,concept_guidance_non_procedural,1582285735.000000,4,0
39,t000309,16,confirmation,1582285825.000000,4,0
39,t000310,1,observations,1580208685.000000,9,0
39,t000310,2,pasted_context_dump,1580208775.000000,9,0
39,t000310,3,debugging,1580208865.000000,9,0
39,t000310,4,course_platform,1580208955.000000,9,0
39,t000311,1,concept_guidance_non_procedural,1582281176.000000,1,0
39,t000311,2,confirmation,1582281266.000000,1,0
39,t000311,3,code_generation,1582281356.000000,1,0
39,t000311,4,challenge_understanding,1582281446.000000,1,0
39,t000311,5,observations,1582281536.000000,1,0
39,t000311,6,challenge_understanding,1582281626.000000,1,0
39,t000311,7,observations,1582281716.000000,1,0
39,t000311,8,confusion,1582281806.000000,1,0
39,t000311,9,observations,1582281896.000000,1,0
39,t000311,10,request_direction,1582281986.000000,1,0
39,t000311,11,non_sequitur,1582282076.000000,1,0
39,t000311,12,direct_solution,1582282166.000000,1,0
39,t000311,13,confirmation,1582282256.000000,1,0
39,t000311,14,social_turn,1582282346.000000,1,0
39,t000311,15,observations,1582282436.000000,1,0
39,t000311,16,course_platform,1582282526.000000,1,0
39,t000311,17,concept_guidance_non_procedural,1582282616.000000,1,0
39,t000311,18,debugging,1582282706.000000,1,0
39,t000311,19,confusion,1582282796.000000,1,0
39,t000311,20,request_direction,1582282886.000000,1,0
39,t000312,1,debugging,1579945914.000000,7,1
39,t000312,2,confirmation,1579946004.000000,7,1
39,t000312,3,social_turn,1579946094.000000,7,1
39,t000312,4,code_generation,1579946184.000000,7,1
39,t000312,5,confusion,1579946274.000000,7,1
39,t000312,6,request_direction,1579946364.000000,7,1
39,t000313,1,help_request,1580904395.000000,6,0
39,t000313,2,vague_request,1580904485.000000,6,0
39,t000313,3,pasted_context_dump,1580904575.000000,6,0
39,t000313,4,direct_solution,1580904665.000000,6,0
39,t000313,5,challenge_understanding,1580904755.000000,6,0
39,t000313,6,challenge_understanding,1580904845.000000,6,0
39,t000313,7,concept_guidance_procedural,1580904935.000000,6,0
39,t000313,8,direct_solution,1580905025.000000,6,0
39,t000313,9,help_request,1580905115.000000,6,0
39,t000313,10,social_turn,1580905205.000000,6,0
39,t000313,11,confirmation,1580905295.000000,6,0
39,t000313,12,confirmation,1580905385.000000,6,0
39,t000313,13,confirmation,1580905475.000000,6,0
39,t000313,14,help_request,1580905565.000000,6,0
39,t000313,15,non_sequitur,1580905655.000000,6,0
39,t000313,16,code_generation,1580905745.000000,6,0
39,t000313,17,request_direction,1580905835.000000,6,0
39,t000313,18,confirmation,1580905925.000000,6,0
39,t000313,19,request_direction,1580906015.000000,6,0
40,t000314,1,pasted_context_dump,1583846326.000000,8,1
40,t000314,2,observations,1583846416.000000,8,1
40,t000314,3,vague_request,1583846506.000000,8,1
40,t000314,4,help_request,1583846596.000000,8,1
40,t000314,5,observations,1583846686.000000,8,1
40,t000314,6,non_sequitur,1583846776.000000,8,1
40,t000314,7,direct_solution,1583846866.000000,8,1
40,t000314,8,confirmation,1583846956.000000,8,1
40,t000314,9,help_request,1583847046.000000,8,1
40,t000315,1,non_sequitur,1584960520.000000,5,1
40,t000315,2,course_platform,1584960610.000000,5,1
40,t000315,3,concept_guidance_non_procedural,1584960700.000000,5,1
40,t000315,4,observations,1584960790.000000,5,1
40,t000315,5,vague_request,1584960880.000000,5,1
40,t000315,6,confusion,1584960970.000000,5,1
40,t000315,7,challenge_understanding,1584961060.000000,5,1
40,t000315,8,concept_guidance_procedural,1584961150.000000,5,1
40,t000315,9,request_direction,1584961240.000000,5,1
40,t000315,10,concept_guidance_procedural,1584961330.000000,5,1
40,t000315,11,pasted_context_dump,1584961420.000000,5,1
40,t000315,12,concept_guidance_procedural,1584961510.000000,5,1
40,t000315,13,debugging,1584961600.000000,5,1
40,t000315,14,observations,1584961690.000000,5,1
40,t000315,15,social_turn,1584961780.000000,5,1
40,t000316,1,debugging,1582737052.000000,4,1
40,t000316,2,pasted_context_dump,1582737142.000000,4,1
40,t000316,3,code_generation,1582737232.000000,4,1
40,t000316,4,social_turn,1582737322.000000,4,1
40,t000316,5,help_request,1582737412.000000,4,1
40,t000316,6,debugging,1582737502.000000,4,1
40,t000316,7,request_direction,1582737592.000000,4,1
40,t000317,1,course_platform,1582195845.000000,3,1
40,t000317,2,help_request,1582195935.000000,3,1
40,t000317,3,concept_guidance_procedural,1582196025.000000,3,1
40,t000317,4,observations,1582196115.000000,3,1
40,t000317,5,concept_guidance_non_procedural,1582196205.000000,3,1
40,t000317,6,direct_solution,1582196295.000000,3,1
40,t000317,7,observations,1582196385.000000,3,1
40,t000317,8,confirmation,1582196475.000000,3,1
40,t000317,9,request_direction,1582196565.000000,3,1
40,t000317,10,request_direction,1582196655.000000,3,1
40,t000317,11,pasted_context_dump,1582196745.000000,3,1
40,t000317,12,pasted_context_dump,1582196835.000000,3,1
40,t000317,13,concept_guidance_non_procedural,1582196925.000000,3,1
40,t000317,14,course_platform,1582197015.000000,3,1
40,t000317,15,vague_request,1582197105.000000,3,1
40,t000317,16,challenge_understanding,1582197195.000000,3,1
40,t000317,17,confusion,1582197285.000000,3,1
40,t000317,18,request_direction,1582197375.000000,3,1
40,t000317,19,confirmation,1582197465.000000,3,1
40,t000317,20,debugging,1582197555.000000,3,1
40,t000317,21,debugging,1582197645.000000,3,1
40,t000318,1,challenge_understanding,1585290996.000000,4,1
40,t000318,2,pasted_context_dump,1585291086.000000,4,1
40,t000318,3,non_sequitur,1585291176.000000,4,1
40,t000318,4,challenge_understanding,1585291266.000000,4,1
40,t000318,5,debugging,1585291356.000000,4,1
40,t000318,6,observations,1585291446.000000,4,1
40,t000318,7,non_sequitur,1585291536.000000,4,1
40,t000318,8,help_request,1585291626.000000,4,1
40,t000318,9,debugging,1585291716.000000,4,1
40,t000318,10,confirmation,1585291806.000000,4,1
40,t000319,1,social_turn,1578922406.000000,6,0
40,t000319,2,direct_solution,1578922496.000000,6,0
40,t000319,3,concept_guidance_non_procedural,1578922586.000000,6,0
40,t000319,4,direct_solution,1578922676.000000,6,0
40,t000319,5,pasted_context_dump,1578922766.000000,6,0
40,t000319,6,concept_guidance_non_procedural,1578922856.000000,6,0
40,t000319,7,concept_guidance_non_procedural,1578922946.000000,6,0
40,t000319,8,concept_guidance_procedural,1578923036.000000,6,0
40,t000320,1,confirmation,1582465573.000000,6,1
40,t000320,2,concept_guidance_procedural,1582465663.000000,6,1
40,t000320,3,code_generation,1582465753.000000,6,1
40,t000320,4,confusion,1582465843.000000,6,1
40,t000320,5,course_platform,1582465933.000000,6,1
40,t000320,6,challenge_understanding,1582466023.000000,6,1
40,t000320,7,concept_guidance_non_procedural,1582466113.000000,6,1
40,t000320,8,concept_guidance_procedural,1582466203.000000,6,1
40,t000320,9,pasted_context_dump,1582466293.000000,6,1
40,t000320,10,debugging,1582466383.000000,6,1
40,t000320,11,concept_guidance_non_procedural,1582466473.000000,6,1
40,t000320,12,pasted_context_dump,1582466563.000000,6,1
40,t000320,13,debugging,1582466653.000000,6,1
40,t000320,14,observations,1582466743.000000,6,1
40,t000320,15,non_sequitur,1582466833.000000,6,1
40,t000320,16,request_direction,1582466923.000000,6,1
40,t000320,17,code_generation,1582467013.000000,6,1
40,t000320,18,help_request,1582467103.000000,6,1
40,t000320,19,pasted_context_dump,1582467193.000000,6,1
40,t000320,20,debugging,1582467283.000000,6,1
40,t000320,21,code_generation,1582467373.000000,6,1
40,t000320,22,concept_guidance_procedural,1582467463.000000,6,1
40,t000321,1,non_sequitur,1585146811.000000,2,0
40,t000321,2,observations,1585146901.000000,2,0
40,t000321,3,request_direction,1585146991.000000,2,0
40,t000321,4,observations,1585147081.000000,2,0
40,t000321,5,challenge_understanding,1585147171.000000,2,0
40,t000321,6,pasted_context_dump,1585147261.000000,2,0
40,t000321,7,code_generation,1585147351.000000,2,0
40,t000321,8,confusion,1585147441.000000,2,0
40,t000321,9,debugging,1585147531.000000,2,0
40,t000321,10,pasted_context_dump,1585147621.000000,2,0
40,t000321,11,challenge_understanding,1585147711.000000,2,0
40,t000321,12,challenge_understanding,1585147801.000000,2,0
40,t000321,13,pasted_context_dump,1585147891.000000,2,0
40,t000321,14,confusion,1585147981.000000,2,0
40,t000321,15,concept_guidance_non_procedural,1585148071.000000,2,0
40,t000322,1,confirmation,1584203315.000000,9,1
40,t000322,2,debugging,1584203405.000000,9,1
40,t000322,3,debugging,1584203495.000000,9,1
40,t000322,4,confirmation,1584203585.000000,9,1
40,t000322,5,help_request,1584203675.000000,9,1
40,t000322,6,social_turn,1584203765.000000,9,1
40,t000322,7,vague_request,1584203855.000000,9,1
40,t000322,8,challenge_understanding,1584203945.000000,9,1
40,t000323,1,request_direction,1584257439.000000,7,1
40,t000323,2,request_direction,1584257529.000000,7,1
40,t000323,3,observations,1584257619.000000,7,1
40,t000323,4,request_direction,1584257709.000000,7,1
40,t000323,5,code_generation,1584257799.000000,7,1
40,t000323,6,confirmation,1584257889.000000,7,1
40,t000323,7,non_sequitur,1584257979.000000,7,1
